,,,DATA AS OF: August 2025,,,,,,,,,,,,,,,,,,,,,,,,,,,,,,,,,,,,,,,,,,,,,,,
,,,,,,,,,,,,,,,,,,,,,,,,,,,,,,,,,,,,,,,,,,,,,,,,,,
,,,,,,,,,,,,,,,,,,,,,,,,,,,,,,,,,,,,,,,,,,,,,,,,,,
,,,,,,,,,,,,,,,,,,,,,,,,,,,,,,,,,,,,,,,,,,,,,,,,,,
,,,,,,,,,,,,,,,,,,,,,,,,,,,,,,,,,,,,,,,,,,,,,,,,,,
School Code ,School Name ,Grade,# of English Language Arts (ELA) Test Takers,ELA -  # Level 1,ELA - # Level 2,ELA - # Level 3,ELA - # Level 4,ELA - # Level 5,ELA # Proficient,ELA - % Level 1,ELA - % Level 2,ELA - % Level 3,ELA - % Level 4,ELA - % Level 5,ELA - % Proficient,# Math Test Takers,Math - # Level 1,Math - # Level 2,Math - # Level 3,Math - # Level 4,Math - # Level 5,Math - # Proficient,Math - % Level 1,Math - % Level 2,Math - % Level 3,Math - % Level 4,Math - % Level 5,Math - % Proficient,MSAA - # of English Language Arts (ELA) Test Takers,MSAA - ELA -  # Level 1,MSAA - ELA - # Level 2,MSAA - ELA - # Level 3,MSAA - ELA - # Level 4,MSAA - ELA # Proficient,MSAA - ELA - % Level 1,MSAA - ELA - % Level 2,MSAA - ELA - % Level 3,MSAA - ELA - % Level 4,MSAA - ELA - % Proficient,MSAA - # of Math Test Takers,MSAA - Math -  # Level 1,MSAA - Math - # Level 2,MSAA - Math - # Level 3,MSAA - Math - # Level 4,MSAA - Math # Proficient,MSAA - Math - % Level 1,MSAA - Math - % Level 2,MSAA - Math - % Level 3,MSAA - Math - % Level 4,MSAA - Math - % Proficient
202,Lorraine H. Whitlock Elementary School,03,24,14,5,2,3,0,3,58.33%,20.83%,8.33%,12.50%,0.00%,12.50%,24,7,5,7,5,0,5,29.17%,20.83%,29.17%,20.83%,0.00%,20.83%,.,,,,,,,,,,,.,,,,,,,,,,
202,Lorraine H. Whitlock Elementary School,04,27,7,4,5,9,2,11,25.93%,14.81%,18.52%,33.33%,7.41%,40.74%,27,4,14,4,5,0,5,14.81%,51.85%,14.81%,18.52%,0.00%,18.52%,.,,,,,,,,,,,.,,,,,,,,,,
202,Lorraine H. Whitlock Elementary School,05,18,5,4,7,2,0,2,27.78%,22.22%,38.89%,11.11%,0.00%,11.11%,17,9,6,1,1,0,1,52.94%,35.29%,5.88%,5.88%,0.00%,5.88%,.,,,,,,,,,,,.,,,,,,,,,,
202,Lorraine H. Whitlock Elementary School,ALL,69,26,13,14,14,2,16,37.68%,18.84%,20.29%,20.29%,2.90%,23.19%,68,20,25,12,11,0,11,29.41%,36.76%,17.65%,16.18%,0.00%,16.18%,.,,,,,,,,,,,.,,,,,,,,,,
203,Amidon-Bowen Elementary School,03,55,22,10,8,14,1,15,40.00%,18.18%,14.55%,25.45%,1.82%,27.27%,55,24,15,9,6,1,7,43.64%,27.27%,16.36%,10.91%,1.82%,12.73%,.,,,,,,,,,,,.,,,,,,,,,,
203,Amidon-Bowen Elementary School,04,48,19,17,5,5,2,7,39.58%,35.42%,10.42%,10.42%,4.17%,14.58%,46,19,14,7,6,0,6,41.30%,30.43%,15.22%,13.04%,0.00%,13.04%,.,,,,,,,,,,,.,,,,,,,,,,
203,Amidon-Bowen Elementary School,05,29,13,6,7,3,0,3,44.83%,20.69%,24.14%,10.34%,0.00%,10.34%,29,10,12,5,2,0,2,34.48%,41.38%,17.24%,6.90%,0.00%,6.90%,.,,,,,,,,,,,.,,,,,,,,,,
203,Amidon-Bowen Elementary School,ALL,132,54,33,20,22,3,25,40.91%,25.00%,15.15%,16.67%,2.27%,18.94%,130,53,41,21,14,1,15,40.77%,31.54%,16.15%,10.77%,0.77%,11.54%,.,,,,,,,,,,,.,,,,,,,,,,
204,Bancroft Elementary School,03,99,30,13,9,39,8,47,30.30%,13.13%,9.09%,39.39%,8.08%,47.47%,99,15,19,25,26,14,40,15.15%,19.19%,25.25%,26.26%,14.14%,40.40%,.,,,,,,,,,,,.,,,,,,,,,,
204,Bancroft Elementary School,04,97,28,21,11,24,13,37,28.87%,21.65%,11.34%,24.74%,13.40%,38.14%,98,30,22,22,16,8,24,30.61%,22.45%,22.45%,16.33%,8.16%,24.49%,.,,,,,,,,,,,.,,,,,,,,,,
204,Bancroft Elementary School,05,113,30,13,15,38,17,55,26.55%,11.50%,13.27%,33.63%,15.04%,48.67%,113,17,27,24,29,16,45,15.04%,23.89%,21.24%,25.66%,14.16%,39.82%,.,,,,,,,,,,,.,,,,,,,,,,
204,Bancroft Elementary School,ALL,309,88,47,35,101,38,139,28.48%,15.21%,11.33%,32.69%,12.30%,44.98%,310,62,68,71,71,38,109,20.00%,21.94%,22.90%,22.90%,12.26%,35.16%,.,,,,,,,,,,,.,,,,,,,,,,
205,Barnard Elementary School,03,76,27,11,19,16,3,19,35.53%,14.47%,25.00%,21.05%,3.95%,25.00%,76,12,16,20,24,4,28,15.79%,21.05%,26.32%,31.58%,5.26%,36.84%,.,,,,,,,,,,,.,,,,,,,,,,
205,Barnard Elementary School,04,60,10,9,9,16,16,32,16.67%,15.00%,15.00%,26.67%,26.67%,53.33%,60,5,10,14,20,11,31,8.33%,16.67%,23.33%,33.33%,18.33%,51.67%,n < 10,,,,,,,,,,,n < 10,,,,,,,,,,
205,Barnard Elementary School,05,53,12,9,10,18,4,22,22.64%,16.98%,18.87%,33.96%,7.55%,41.51%,55,5,14,13,20,3,23,9.09%,25.45%,23.64%,36.36%,5.45%,41.82%,n < 10,,,,,,,,,,,n < 10,,,,,,,,,,
205,Barnard Elementary School,ALL,189,49,29,38,50,23,73,25.93%,15.34%,20.11%,26.46%,12.17%,38.62%,191,22,40,47,64,18,82,11.52%,20.94%,24.61%,33.51%,9.42%,42.93%,n < 10,,,,,,,,,,,n < 10,,,,,,,,,,
206,Beers Elementary School,03,49,23,7,11,7,1,8,46.94%,14.29%,22.45%,14.29%,2.04%,16.33%,49,10,15,17,7,0,7,20.41%,30.61%,34.69%,14.29%,0.00%,14.29%,.,,,,,,,,,,,.,,,,,,,,,,
206,Beers Elementary School,04,42,15,8,9,8,2,10,35.71%,19.05%,21.43%,19.05%,4.76%,23.81%,42,10,8,10,14,0,14,23.81%,19.05%,23.81%,33.33%,0.00%,33.33%,n < 10,,,,,,,,,,,n < 10,,,,,,,,,,
206,Beers Elementary School,05,53,14,10,16,13,0,13,26.42%,18.87%,30.19%,24.53%,0.00%,24.53%,53,5,15,24,9,0,9,9.43%,28.30%,45.28%,16.98%,0.00%,16.98%,n < 10,,,,,,,,,,,n < 10,,,,,,,,,,
206,Beers Elementary School,ALL,144,52,25,36,28,3,31,36.11%,17.36%,25.00%,19.44%,2.08%,21.53%,144,25,38,51,30,0,30,17.36%,26.39%,35.42%,20.83%,0.00%,20.83%,n < 10,,,,,,,,,,,n < 10,,,,,,,,,,
212,Brent Elementary School,03,53,2,2,10,37,2,39,3.77%,3.77%,18.87%,69.81%,3.77%,73.58%,53,1,3,7,29,13,42,1.89%,5.66%,13.21%,54.72%,24.53%,79.25%,.,,,,,,,,,,,.,,,,,,,,,,
212,Brent Elementary School,04,55,0,3,5,28,19,47,0.00%,5.45%,9.09%,50.91%,34.55%,85.45%,54,2,1,4,29,18,47,3.70%,1.85%,7.41%,53.70%,33.33%,87.04%,.,,,,,,,,,,,.,,,,,,,,,,
212,Brent Elementary School,05,26,0,4,6,10,6,16,0.00%,15.38%,23.08%,38.46%,23.08%,61.54%,26,0,2,3,10,11,21,0.00%,7.69%,11.54%,38.46%,42.31%,80.77%,.,,,,,,,,,,,.,,,,,,,,,,
212,Brent Elementary School,ALL,134,2,9,21,75,27,102,1.49%,6.72%,15.67%,55.97%,20.15%,76.12%,133,3,6,14,68,42,110,2.26%,4.51%,10.53%,51.13%,31.58%,82.71%,.,,,,,,,,,,,.,,,,,,,,,,
213,Brightwood Elementary School,03,91,45,24,13,9,0,9,49.45%,26.37%,14.29%,9.89%,0.00%,9.89%,91,9,25,30,23,4,27,9.89%,27.47%,32.97%,25.27%,4.40%,29.67%,n < 10,,,,,,,,,,,n < 10,,,,,,,,,,
213,Brightwood Elementary School,04,81,19,18,34,10,0,10,23.46%,22.22%,41.98%,12.35%,0.00%,12.35%,82,23,19,27,13,0,13,28.05%,23.17%,32.93%,15.85%,0.00%,15.85%,n < 10,,,,,,,,,,,n < 10,,,,,,,,,,
213,Brightwood Elementary School,05,70,28,21,12,9,0,9,40.00%,30.00%,17.14%,12.86%,0.00%,12.86%,71,23,18,18,12,0,12,32.39%,25.35%,25.35%,16.90%,0.00%,16.90%,n < 10,,,,,,,,,,,n < 10,,,,,,,,,,
213,Brightwood Elementary School,ALL,242,92,63,59,28,0,28,38.02%,26.03%,24.38%,11.57%,0.00%,11.57%,244,55,62,75,48,4,52,22.54%,25.41%,30.74%,19.67%,1.64%,21.31%,n < 10,,,,,,,,,,,n < 10,,,,,,,,,,
219,Bunker Hill Elementary School,03,23,12,1,6,4,0,4,52.17%,4.35%,26.09%,17.39%,0.00%,17.39%,23,7,4,5,7,0,7,30.43%,17.39%,21.74%,30.43%,0.00%,30.43%,.,,,,,,,,,,,.,,,,,,,,,,
219,Bunker Hill Elementary School,04,23,3,5,7,6,2,8,13.04%,21.74%,30.43%,26.09%,8.70%,34.78%,23,4,8,8,3,0,3,17.39%,34.78%,34.78%,13.04%,0.00%,13.04%,.,,,,,,,,,,,.,,,,,,,,,,
219,Bunker Hill Elementary School,05,19,2,6,4,7,0,7,10.53%,31.58%,21.05%,36.84%,0.00%,36.84%,19,1,9,6,3,0,3,5.26%,47.37%,31.58%,15.79%,0.00%,15.79%,n < 10,,,,,,,,,,,n < 10,,,,,,,,,,
219,Bunker Hill Elementary School,ALL,65,17,12,17,17,2,19,26.15%,18.46%,26.15%,26.15%,3.08%,29.23%,65,12,21,19,13,0,13,18.46%,32.31%,29.23%,20.00%,0.00%,20.00%,n < 10,,,,,,,,,,,n < 10,,,,,,,,,,
220,Burroughs Elementary School,03,40,5,8,9,13,5,18,12.50%,20.00%,22.50%,32.50%,12.50%,45.00%,40,9,8,5,10,8,18,22.50%,20.00%,12.50%,25.00%,20.00%,45.00%,.,,,,,,,,,,,.,,,,,,,,,,
220,Burroughs Elementary School,04,38,2,4,9,13,10,23,5.26%,10.53%,23.68%,34.21%,26.32%,60.53%,38,4,7,10,10,7,17,10.53%,18.42%,26.32%,26.32%,18.42%,44.74%,.,,,,,,,,,,,.,,,,,,,,,,
220,Burroughs Elementary School,05,24,2,1,9,12,0,12,8.33%,4.17%,37.50%,50.00%,0.00%,50.00%,24,0,4,10,7,3,10,0.00%,16.67%,41.67%,29.17%,12.50%,41.67%,.,,,,,,,,,,,.,,,,,,,,,,
220,Burroughs Elementary School,ALL,102,9,13,27,38,15,53,8.82%,12.75%,26.47%,37.25%,14.71%,51.96%,102,13,19,25,27,18,45,12.75%,18.63%,24.51%,26.47%,17.65%,44.12%,.,,,,,,,,,,,.,,,,,,,,,,
221,Burrville Elementary School,03,28,11,6,10,1,0,1,39.29%,21.43%,35.71%,3.57%,0.00%,3.57%,28,6,9,8,5,0,5,21.43%,32.14%,28.57%,17.86%,0.00%,17.86%,.,,,,,,,,,,,.,,,,,,,,,,
221,Burrville Elementary School,04,36,8,13,9,6,0,6,22.22%,36.11%,25.00%,16.67%,0.00%,16.67%,33,11,17,4,1,0,1,33.33%,51.52%,12.12%,3.03%,0.00%,3.03%,.,,,,,,,,,,,.,,,,,,,,,,
221,Burrville Elementary School,05,22,7,6,2,7,0,7,31.82%,27.27%,9.09%,31.82%,0.00%,31.82%,22,10,8,2,2,0,2,45.45%,36.36%,9.09%,9.09%,0.00%,9.09%,.,,,,,,,,,,,.,,,,,,,,,,
221,Burrville Elementary School,ALL,86,26,25,21,14,0,14,30.23%,29.07%,24.42%,16.28%,0.00%,16.28%,83,27,34,14,8,0,8,32.53%,40.96%,16.87%,9.64%,0.00%,9.64%,.,,,,,,,,,,,.,,,,,,,,,,
224,Cleveland Elementary School,03,34,24,3,5,2,0,2,70.59%,8.82%,14.71%,5.88%,0.00%,5.88%,34,15,10,8,1,0,1,44.12%,29.41%,23.53%,2.94%,0.00%,2.94%,.,,,,,,,,,,,.,,,,,,,,,,
224,Cleveland Elementary School,04,36,8,6,8,9,5,14,22.22%,16.67%,22.22%,25.00%,13.89%,38.89%,36,14,11,7,3,1,4,38.89%,30.56%,19.44%,8.33%,2.78%,11.11%,.,,,,,,,,,,,.,,,,,,,,,,
224,Cleveland Elementary School,05,33,6,8,9,10,0,10,18.18%,24.24%,27.27%,30.30%,0.00%,30.30%,33,6,5,11,11,0,11,18.18%,15.15%,33.33%,33.33%,0.00%,33.33%,.,,,,,,,,,,,.,,,,,,,,,,
224,Cleveland Elementary School,ALL,103,38,17,22,21,5,26,36.89%,16.50%,21.36%,20.39%,4.85%,25.24%,103,35,26,26,15,1,16,33.98%,25.24%,25.24%,14.56%,0.97%,15.53%,.,,,,,,,,,,,.,,,,,,,,,,
227,H.D. Cooke Elementary School,03,42,18,10,7,7,0,7,42.86%,23.81%,16.67%,16.67%,0.00%,16.67%,42,10,16,10,5,1,6,23.81%,38.10%,23.81%,11.90%,2.38%,14.29%,.,,,,,,,,,,,.,,,,,,,,,,
227,H.D. Cooke Elementary School,04,45,19,14,6,5,1,6,42.22%,31.11%,13.33%,11.11%,2.22%,13.33%,45,11,15,12,7,0,7,24.44%,33.33%,26.67%,15.56%,0.00%,15.56%,.,,,,,,,,,,,.,,,,,,,,,,
227,H.D. Cooke Elementary School,05,47,16,9,15,7,0,7,34.04%,19.15%,31.91%,14.89%,0.00%,14.89%,46,12,15,12,7,0,7,26.09%,32.61%,26.09%,15.22%,0.00%,15.22%,.,,,,,,,,,,,.,,,,,,,,,,
227,H.D. Cooke Elementary School,ALL,134,53,33,28,19,1,20,39.55%,24.63%,20.90%,14.18%,0.75%,14.93%,133,33,46,34,19,1,20,24.81%,34.59%,25.56%,14.29%,0.75%,15.04%,.,,,,,,,,,,,.,,,,,,,,,,
231,Drew Elementary School,03,32,16,7,7,2,0,2,50.00%,21.88%,21.88%,6.25%,0.00%,6.25%,32,13,10,8,1,0,1,40.63%,31.25%,25.00%,3.13%,0.00%,3.13%,.,,,,,,,,,,,.,,,,,,,,,,
231,Drew Elementary School,04,26,5,10,5,6,0,6,19.23%,38.46%,19.23%,23.08%,0.00%,23.08%,26,8,10,6,2,0,2,30.77%,38.46%,23.08%,7.69%,0.00%,7.69%,.,,,,,,,,,,,.,,,,,,,,,,
231,Drew Elementary School,05,28,11,9,4,4,0,4,39.29%,32.14%,14.29%,14.29%,0.00%,14.29%,28,17,7,4,0,0,0,60.71%,25.00%,14.29%,0.00%,0.00%,0.00%,.,,,,,,,,,,,.,,,,,,,,,,
231,Drew Elementary School,ALL,86,32,26,16,12,0,12,37.21%,30.23%,18.60%,13.95%,0.00%,13.95%,86,38,27,18,3,0,3,44.19%,31.40%,20.93%,3.49%,0.00%,3.49%,.,,,,,,,,,,,.,,,,,,,,,,
232,Eaton Elementary School,03,59,4,7,14,32,2,34,6.78%,11.86%,23.73%,54.24%,3.39%,57.63%,59,2,5,7,31,14,45,3.39%,8.47%,11.86%,52.54%,23.73%,76.27%,.,,,,,,,,,,,.,,,,,,,,,,
232,Eaton Elementary School,04,67,2,4,10,35,16,51,2.99%,5.97%,14.93%,52.24%,23.88%,76.12%,68,2,8,17,36,5,41,2.94%,11.76%,25.00%,52.94%,7.35%,60.29%,.,,,,,,,,,,,.,,,,,,,,,,
232,Eaton Elementary School,05,58,4,7,9,23,15,38,6.90%,12.07%,15.52%,39.66%,25.86%,65.52%,58,8,10,5,30,5,35,13.79%,17.24%,8.62%,51.72%,8.62%,60.34%,.,,,,,,,,,,,.,,,,,,,,,,
232,Eaton Elementary School,ALL,184,10,18,33,90,33,123,5.43%,9.78%,17.93%,48.91%,17.93%,66.85%,185,12,23,29,97,24,121,6.49%,12.43%,15.68%,52.43%,12.97%,65.41%,.,,,,,,,,,,,.,,,,,,,,,,
238,Garfield Elementary School,03,30,15,6,5,4,0,4,50.00%,20.00%,16.67%,13.33%,0.00%,13.33%,30,9,12,4,5,0,5,30.00%,40.00%,13.33%,16.67%,0.00%,16.67%,n < 10,,,,,,,,,,,n < 10,,,,,,,,,,
238,Garfield Elementary School,04,29,12,8,4,5,0,5,41.38%,27.59%,13.79%,17.24%,0.00%,17.24%,30,8,11,8,2,1,3,26.67%,36.67%,26.67%,6.67%,3.33%,10.00%,n < 10,,,,,,,,,,,n < 10,,,,,,,,,,
238,Garfield Elementary School,05,22,9,4,5,4,0,4,40.91%,18.18%,22.73%,18.18%,0.00%,18.18%,22,7,7,7,1,0,1,31.82%,31.82%,31.82%,4.55%,0.00%,4.55%,n < 10,,,,,,,,,,,n < 10,,,,,,,,,,
238,Garfield Elementary School,ALL,81,36,18,14,13,0,13,44.44%,22.22%,17.28%,16.05%,0.00%,16.05%,82,24,30,19,8,1,9,29.27%,36.59%,23.17%,9.76%,1.22%,10.98%,n < 10,,,,,,,,,,,n < 10,,,,,,,,,,
239,Garrison Elementary School,03,49,10,10,9,13,7,20,20.41%,20.41%,18.37%,26.53%,14.29%,40.82%,49,7,8,13,11,10,21,14.29%,16.33%,26.53%,22.45%,20.41%,42.86%,n < 10,,,,,,,,,,,n < 10,,,,,,,,,,
239,Garrison Elementary School,04,54,6,15,13,8,12,20,11.11%,27.78%,24.07%,14.81%,22.22%,37.04%,54,8,15,11,15,5,20,14.81%,27.78%,20.37%,27.78%,9.26%,37.04%,n < 10,,,,,,,,,,,n < 10,,,,,,,,,,
239,Garrison Elementary School,05,41,0,7,11,17,6,23,0.00%,17.07%,26.83%,41.46%,14.63%,56.10%,41,2,4,14,13,8,21,4.88%,9.76%,34.15%,31.71%,19.51%,51.22%,.,,,,,,,,,,,.,,,,,,,,,,
239,Garrison Elementary School,ALL,144,16,32,33,38,25,63,11.11%,22.22%,22.92%,26.39%,17.36%,43.75%,144,17,27,38,39,23,62,11.81%,18.75%,26.39%,27.08%,15.97%,43.06%,n < 10,,,,,,,,,,,n < 10,,,,,,,,,,
246,Hardy Middle School,06,222,9,15,26,84,88,172,4.05%,6.76%,11.71%,37.84%,39.64%,77.48%,220,18,25,45,91,41,132,8.18%,11.36%,20.45%,41.36%,18.64%,60.00%,n < 10,,,,,,,,,,,n < 10,,,,,,,,,,
246,Hardy Middle School,07,201,13,10,25,74,79,153,6.47%,4.98%,12.44%,36.82%,39.30%,76.12%,199,10,24,57,98,10,108,5.03%,12.06%,28.64%,49.25%,5.03%,54.27%,n < 10,,,,,,,,,,,n < 10,,,,,,,,,,
246,Hardy Middle School,08,174,12,18,29,72,43,115,6.90%,10.34%,16.67%,41.38%,24.71%,66.09%,172,28,30,28,75,11,86,16.28%,17.44%,16.28%,43.60%,6.40%,50.00%,n < 10,,,,,,,,,,,n < 10,,,,,,,,,,
246,Hardy Middle School,ALL,597,34,43,80,230,210,440,5.70%,7.20%,13.40%,38.53%,35.18%,73.70%,591,56,79,130,264,62,326,9.48%,13.37%,22.00%,44.67%,10.49%,55.16%,n < 10,,,,,,,,,,,n < 10,,,,,,,,,,
247,C.W. Harris Elementary School,03,31,12,7,4,8,0,8,38.71%,22.58%,12.90%,25.81%,0.00%,25.81%,31,9,9,8,5,0,5,29.03%,29.03%,25.81%,16.13%,0.00%,16.13%,.,,,,,,,,,,,.,,,,,,,,,,
247,C.W. Harris Elementary School,04,32,8,7,9,6,2,8,25.00%,21.88%,28.13%,18.75%,6.25%,25.00%,32,8,13,7,3,1,4,25.00%,40.63%,21.88%,9.38%,3.13%,12.50%,n < 10,,,,,,,,,,,n < 10,,,,,,,,,,
247,C.W. Harris Elementary School,05,35,11,13,8,3,0,3,31.43%,37.14%,22.86%,8.57%,0.00%,8.57%,35,7,18,9,1,0,1,20.00%,51.43%,25.71%,2.86%,0.00%,2.86%,n < 10,,,,,,,,,,,n < 10,,,,,,,,,,
247,C.W. Harris Elementary School,ALL,98,31,27,21,17,2,19,31.63%,27.55%,21.43%,17.35%,2.04%,19.39%,98,24,40,24,9,1,10,24.49%,40.82%,24.49%,9.18%,1.02%,10.20%,n < 10,,,,,,,,,,,n < 10,,,,,,,,,,
249,Hendley Elementary School,03,33,17,6,6,4,0,4,51.52%,18.18%,18.18%,12.12%,0.00%,12.12%,33,9,12,6,5,1,6,27.27%,36.36%,18.18%,15.15%,3.03%,18.18%,.,,,,,,,,,,,.,,,,,,,,,,
249,Hendley Elementary School,04,49,22,12,9,5,1,6,44.90%,24.49%,18.37%,10.20%,2.04%,12.24%,49,16,13,16,4,0,4,32.65%,26.53%,32.65%,8.16%,0.00%,8.16%,n < 10,,,,,,,,,,,n < 10,,,,,,,,,,
249,Hendley Elementary School,05,38,24,7,3,4,0,4,63.16%,18.42%,7.89%,10.53%,0.00%,10.53%,38,11,19,7,1,0,1,28.95%,50.00%,18.42%,2.63%,0.00%,2.63%,.,,,,,,,,,,,.,,,,,,,,,,
249,Hendley Elementary School,ALL,120,63,25,18,13,1,14,52.50%,20.83%,15.00%,10.83%,0.83%,11.67%,120,36,44,29,10,1,11,30.00%,36.67%,24.17%,8.33%,0.83%,9.17%,n < 10,,,,,,,,,,,n < 10,,,,,,,,,,
251,Houston Elementary School,03,36,14,11,5,6,0,6,38.89%,30.56%,13.89%,16.67%,0.00%,16.67%,36,12,18,3,2,1,3,33.33%,50.00%,8.33%,5.56%,2.78%,8.33%,.,,,,,,,,,,,.,,,,,,,,,,
251,Houston Elementary School,04,30,11,7,5,7,0,7,36.67%,23.33%,16.67%,23.33%,0.00%,23.33%,33,14,12,4,3,0,3,42.42%,36.36%,12.12%,9.09%,0.00%,9.09%,n < 10,,,,,,,,,,,n < 10,,,,,,,,,,
251,Houston Elementary School,05,26,9,7,5,4,1,5,34.62%,26.92%,19.23%,15.38%,3.85%,19.23%,26,9,11,4,2,0,2,34.62%,42.31%,15.38%,7.69%,0.00%,7.69%,n < 10,,,,,,,,,,,n < 10,,,,,,,,,,
251,Houston Elementary School,ALL,92,34,25,15,17,1,18,36.96%,27.17%,16.30%,18.48%,1.09%,19.57%,95,35,41,11,7,1,8,36.84%,43.16%,11.58%,7.37%,1.05%,8.42%,n < 10,,,,,,,,,,,n < 10,,,,,,,,,,
252,Hyde-Addison Elementary School,03,64,7,5,9,32,11,43,10.94%,7.81%,14.06%,50.00%,17.19%,67.19%,64,5,9,14,17,19,36,7.81%,14.06%,21.88%,26.56%,29.69%,56.25%,.,,,,,,,,,,,.,,,,,,,,,,
252,Hyde-Addison Elementary School,04,45,1,5,7,17,15,32,2.22%,11.11%,15.56%,37.78%,33.33%,71.11%,45,1,2,11,16,15,31,2.22%,4.44%,24.44%,35.56%,33.33%,68.89%,.,,,,,,,,,,,.,,,,,,,,,,
252,Hyde-Addison Elementary School,05,46,4,4,3,23,12,35,8.70%,8.70%,6.52%,50.00%,26.09%,76.09%,46,0,3,11,14,18,32,0.00%,6.52%,23.91%,30.43%,39.13%,69.57%,.,,,,,,,,,,,.,,,,,,,,,,
252,Hyde-Addison Elementary School,ALL,155,12,14,19,72,38,110,7.74%,9.03%,12.26%,46.45%,24.52%,70.97%,155,6,14,36,47,52,99,3.87%,9.03%,23.23%,30.32%,33.55%,63.87%,.,,,,,,,,,,,.,,,,,,,,,,
254,Janney Elementary School,03,94,3,5,16,60,10,70,3.19%,5.32%,17.02%,63.83%,10.64%,74.47%,94,2,3,7,47,35,82,2.13%,3.19%,7.45%,50.00%,37.23%,87.23%,.,,,,,,,,,,,.,,,,,,,,,,
254,Janney Elementary School,04,88,0,2,7,28,51,79,0.00%,2.27%,7.95%,31.82%,57.95%,89.77%,86,1,3,13,51,18,69,1.16%,3.49%,15.12%,59.30%,20.93%,80.23%,.,,,,,,,,,,,.,,,,,,,,,,
254,Janney Elementary School,05,97,1,5,14,48,29,77,1.03%,5.15%,14.43%,49.48%,29.90%,79.38%,96,0,5,13,53,25,78,0.00%,5.21%,13.54%,55.21%,26.04%,81.25%,.,,,,,,,,,,,.,,,,,,,,,,
254,Janney Elementary School,ALL,279,4,12,37,136,90,226,1.43%,4.30%,13.26%,48.75%,32.26%,81.00%,276,3,11,33,151,78,229,1.09%,3.99%,11.96%,54.71%,28.26%,82.97%,.,,,,,,,,,,,.,,,,,,,,,,
257,Ketcham Elementary School,03,28,16,4,5,3,0,3,57.14%,14.29%,17.86%,10.71%,0.00%,10.71%,28,11,11,3,3,0,3,39.29%,39.29%,10.71%,10.71%,0.00%,10.71%,.,,,,,,,,,,,.,,,,,,,,,,
257,Ketcham Elementary School,04,28,16,7,4,1,0,1,57.14%,25.00%,14.29%,3.57%,0.00%,3.57%,28,19,9,0,0,0,0,67.86%,32.14%,0.00%,0.00%,0.00%,0.00%,.,,,,,,,,,,,.,,,,,,,,,,
257,Ketcham Elementary School,05,26,15,5,3,3,0,3,57.69%,19.23%,11.54%,11.54%,0.00%,11.54%,26,12,10,4,0,0,0,46.15%,38.46%,15.38%,0.00%,0.00%,0.00%,.,,,,,,,,,,,.,,,,,,,,,,
257,Ketcham Elementary School,ALL,82,47,16,12,7,0,7,57.32%,19.51%,14.63%,8.54%,0.00%,8.54%,82,42,30,7,3,0,3,51.22%,36.59%,8.54%,3.66%,0.00%,3.66%,.,,,,,,,,,,,.,,,,,,,,,,
258,Hearst Elementary School,03,40,2,1,2,27,8,35,5.00%,2.50%,5.00%,67.50%,20.00%,87.50%,40,1,1,2,25,11,36,2.50%,2.50%,5.00%,62.50%,27.50%,90.00%,n < 10,,,,,,,,,,,n < 10,,,,,,,,,,
258,Hearst Elementary School,04,46,2,2,7,12,23,35,4.35%,4.35%,15.22%,26.09%,50.00%,76.09%,46,1,5,7,23,10,33,2.17%,10.87%,15.22%,50.00%,21.74%,71.74%,n < 10,,,,,,,,,,,n < 10,,,,,,,,,,
258,Hearst Elementary School,05,41,2,1,9,22,7,29,4.88%,2.44%,21.95%,53.66%,17.07%,70.73%,41,1,4,5,20,11,31,2.44%,9.76%,12.20%,48.78%,26.83%,75.61%,n < 10,,,,,,,,,,,n < 10,,,,,,,,,,
258,Hearst Elementary School,ALL,127,6,4,18,61,38,99,4.72%,3.15%,14.17%,48.03%,29.92%,77.95%,127,3,10,14,68,32,100,2.36%,7.87%,11.02%,53.54%,25.20%,78.74%,n < 10,,,,,,,,,,,n < 10,,,,,,,,,,
259,Kimball Elementary School,03,48,20,12,7,7,2,9,41.67%,25.00%,14.58%,14.58%,4.17%,18.75%,48,16,11,12,9,0,9,33.33%,22.92%,25.00%,18.75%,0.00%,18.75%,.,,,,,,,,,,,.,,,,,,,,,,
259,Kimball Elementary School,04,40,5,8,9,15,3,18,12.50%,20.00%,22.50%,37.50%,7.50%,45.00%,40,4,11,15,10,0,10,10.00%,27.50%,37.50%,25.00%,0.00%,25.00%,.,,,,,,,,,,,.,,,,,,,,,,
259,Kimball Elementary School,05,36,15,9,9,3,0,3,41.67%,25.00%,25.00%,8.33%,0.00%,8.33%,36,12,16,7,1,0,1,33.33%,44.44%,19.44%,2.78%,0.00%,2.78%,.,,,,,,,,,,,.,,,,,,,,,,
259,Kimball Elementary School,ALL,124,40,29,25,25,5,30,32.26%,23.39%,20.16%,20.16%,4.03%,24.19%,124,32,38,34,20,0,20,25.81%,30.65%,27.42%,16.13%,0.00%,16.13%,.,,,,,,,,,,,.,,,,,,,,,,
261,Lafayette Elementary School,03,152,7,10,26,94,15,109,4.61%,6.58%,17.11%,61.84%,9.87%,71.71%,152,2,4,18,81,47,128,1.32%,2.63%,11.84%,53.29%,30.92%,84.21%,.,,,,,,,,,,,.,,,,,,,,,,
261,Lafayette Elementary School,04,134,5,2,12,65,50,115,3.73%,1.49%,8.96%,48.51%,37.31%,85.82%,133,5,5,14,69,40,109,3.76%,3.76%,10.53%,51.88%,30.08%,81.95%,n < 10,,,,,,,,,,,n < 10,,,,,,,,,,
261,Lafayette Elementary School,05,146,3,5,13,91,34,125,2.05%,3.42%,8.90%,62.33%,23.29%,85.62%,146,2,7,9,67,61,128,1.37%,4.79%,6.16%,45.89%,41.78%,87.67%,n < 10,,,,,,,,,,,n < 10,,,,,,,,,,
261,Lafayette Elementary School,ALL,432,15,17,51,250,99,349,3.47%,3.94%,11.81%,57.87%,22.92%,80.79%,431,9,16,41,217,148,365,2.09%,3.71%,9.51%,50.35%,34.34%,84.69%,n < 10,,,,,,,,,,,n < 10,,,,,,,,,,
262,Langdon Elementary School,03,37,20,4,4,6,3,9,54.05%,10.81%,10.81%,16.22%,8.11%,24.32%,37,10,5,12,7,3,10,27.03%,13.51%,32.43%,18.92%,8.11%,27.03%,.,,,,,,,,,,,.,,,,,,,,,,
262,Langdon Elementary School,04,33,9,4,9,8,3,11,27.27%,12.12%,27.27%,24.24%,9.09%,33.33%,33,6,5,6,15,1,16,18.18%,15.15%,18.18%,45.45%,3.03%,48.48%,.,,,,,,,,,,,.,,,,,,,,,,
262,Langdon Elementary School,05,50,11,11,10,18,0,18,22.00%,22.00%,20.00%,36.00%,0.00%,36.00%,50,14,15,13,6,2,8,28.00%,30.00%,26.00%,12.00%,4.00%,16.00%,n < 10,,,,,,,,,,,n < 10,,,,,,,,,,
262,Langdon Elementary School,ALL,120,40,19,23,32,6,38,33.33%,15.83%,19.17%,26.67%,5.00%,31.67%,120,30,25,31,28,6,34,25.00%,20.83%,25.83%,23.33%,5.00%,28.33%,n < 10,,,,,,,,,,,n < 10,,,,,,,,,,
264,LaSalle-Backus Elementary School,03,31,9,6,6,10,0,10,29.03%,19.35%,19.35%,32.26%,0.00%,32.26%,31,5,14,6,6,0,6,16.13%,45.16%,19.35%,19.35%,0.00%,19.35%,.,,,,,,,,,,,.,,,,,,,,,,
264,LaSalle-Backus Elementary School,04,36,13,6,7,8,2,10,36.11%,16.67%,19.44%,22.22%,5.56%,27.78%,36,9,9,9,7,2,9,25.00%,25.00%,25.00%,19.44%,5.56%,25.00%,.,,,,,,,,,,,.,,,,,,,,,,
264,LaSalle-Backus Elementary School,05,28,4,9,8,7,0,7,14.29%,32.14%,28.57%,25.00%,0.00%,25.00%,28,4,6,4,14,0,14,14.29%,21.43%,14.29%,50.00%,0.00%,50.00%,.,,,,,,,,,,,.,,,,,,,,,,
264,LaSalle-Backus Elementary School,ALL,95,26,21,21,25,2,27,27.37%,22.11%,22.11%,26.32%,2.11%,28.42%,95,18,29,19,27,2,29,18.95%,30.53%,20.00%,28.42%,2.11%,30.53%,.,,,,,,,,,,,.,,,,,,,,,,
266,Leckie Education Campus,03,28,9,9,6,4,0,4,32.14%,32.14%,21.43%,14.29%,0.00%,14.29%,28,5,6,14,2,1,3,17.86%,21.43%,50.00%,7.14%,3.57%,10.71%,n < 10,,,,,,,,,,,n < 10,,,,,,,,,,
266,Leckie Education Campus,04,41,11,8,11,9,2,11,26.83%,19.51%,26.83%,21.95%,4.88%,26.83%,43,12,12,12,7,0,7,27.91%,27.91%,27.91%,16.28%,0.00%,16.28%,n < 10,,,,,,,,,,,n < 10,,,,,,,,,,
266,Leckie Education Campus,05,37,12,10,8,6,1,7,32.43%,27.03%,21.62%,16.22%,2.70%,18.92%,39,20,11,4,4,0,4,51.28%,28.21%,10.26%,10.26%,0.00%,10.26%,n < 10,,,,,,,,,,,n < 10,,,,,,,,,,
266,Leckie Education Campus,06,41,13,14,10,4,0,4,31.71%,34.15%,24.39%,9.76%,0.00%,9.76%,40,22,9,7,2,0,2,55.00%,22.50%,17.50%,5.00%,0.00%,5.00%,.,,,,,,,,,,,.,,,,,,,,,,
266,Leckie Education Campus,07,45,10,10,10,13,2,15,22.22%,22.22%,22.22%,28.89%,4.44%,33.33%,44,12,11,15,6,0,6,27.27%,25.00%,34.09%,13.64%,0.00%,13.64%,.,,,,,,,,,,,.,,,,,,,,,,
266,Leckie Education Campus,08,43,9,12,12,8,2,10,20.93%,27.91%,27.91%,18.60%,4.65%,23.26%,44,17,14,10,2,1,3,38.64%,31.82%,22.73%,4.55%,2.27%,6.82%,.,,,,,,,,,,,.,,,,,,,,,,
266,Leckie Education Campus,ALL,235,64,63,57,44,7,51,27.23%,26.81%,24.26%,18.72%,2.98%,21.70%,238,88,63,62,23,2,25,36.97%,26.47%,26.05%,9.66%,0.84%,10.50%,n < 10,,,,,,,,,,,n < 10,,,,,,,,,,
271,Ludlow-Taylor Elementary School,03,68,7,6,8,30,17,47,10.29%,8.82%,11.76%,44.12%,25.00%,69.12%,68,10,6,9,31,12,43,14.71%,8.82%,13.24%,45.59%,17.65%,63.24%,.,,,,,,,,,,,.,,,,,,,,,,
271,Ludlow-Taylor Elementary School,04,63,10,4,5,16,28,44,15.87%,6.35%,7.94%,25.40%,44.44%,69.84%,63,10,9,14,21,9,30,15.87%,14.29%,22.22%,33.33%,14.29%,47.62%,.,,,,,,,,,,,.,,,,,,,,,,
271,Ludlow-Taylor Elementary School,05,43,2,7,12,18,4,22,4.65%,16.28%,27.91%,41.86%,9.30%,51.16%,42,9,7,8,11,7,18,21.43%,16.67%,19.05%,26.19%,16.67%,42.86%,n < 10,,,,,,,,,,,n < 10,,,,,,,,,,
271,Ludlow-Taylor Elementary School,ALL,174,19,17,25,64,49,113,10.92%,9.77%,14.37%,36.78%,28.16%,64.94%,173,29,22,31,63,28,91,16.76%,12.72%,17.92%,36.42%,16.18%,52.60%,n < 10,,,,,,,,,,,n < 10,,,,,,,,,,
272,Key Elementary School,03,36,0,4,7,24,1,25,0.00%,11.11%,19.44%,66.67%,2.78%,69.44%,36,0,0,1,23,12,35,0.00%,0.00%,2.78%,63.89%,33.33%,97.22%,.,,,,,,,,,,,.,,,,,,,,,,
272,Key Elementary School,04,44,1,1,5,11,26,37,2.27%,2.27%,11.36%,25.00%,59.09%,84.09%,44,0,3,9,18,14,32,0.00%,6.82%,20.45%,40.91%,31.82%,72.73%,.,,,,,,,,,,,.,,,,,,,,,,
272,Key Elementary School,05,42,1,4,9,22,6,28,2.38%,9.52%,21.43%,52.38%,14.29%,66.67%,42,1,3,14,16,8,24,2.38%,7.14%,33.33%,38.10%,19.05%,57.14%,.,,,,,,,,,,,.,,,,,,,,,,
272,Key Elementary School,ALL,122,2,9,21,57,33,90,1.64%,7.38%,17.21%,46.72%,27.05%,73.77%,122,1,6,24,57,34,91,0.82%,4.92%,19.67%,46.72%,27.87%,74.59%,.,,,,,,,,,,,.,,,,,,,,,,
273,Mann Elementary School,03,61,5,5,8,41,2,43,8.20%,8.20%,13.11%,67.21%,3.28%,70.49%,61,2,4,8,31,16,47,3.28%,6.56%,13.11%,50.82%,26.23%,77.05%,.,,,,,,,,,,,.,,,,,,,,,,
273,Mann Elementary School,04,59,2,1,9,30,17,47,3.39%,1.69%,15.25%,50.85%,28.81%,79.66%,59,0,4,22,25,8,33,0.00%,6.78%,37.29%,42.37%,13.56%,55.93%,.,,,,,,,,,,,.,,,,,,,,,,
273,Mann Elementary School,05,39,4,1,4,22,8,30,10.26%,2.56%,10.26%,56.41%,20.51%,76.92%,39,3,3,4,13,16,29,7.69%,7.69%,10.26%,33.33%,41.03%,74.36%,.,,,,,,,,,,,.,,,,,,,,,,
273,Mann Elementary School,ALL,159,11,7,21,93,27,120,6.92%,4.40%,13.21%,58.49%,16.98%,75.47%,159,5,11,34,69,40,109,3.14%,6.92%,21.38%,43.40%,25.16%,68.55%,.,,,,,,,,,,,.,,,,,,,,,,
274,Maury Elementary School,03,71,5,6,14,31,15,46,7.04%,8.45%,19.72%,43.66%,21.13%,64.79%,71,3,5,7,32,24,56,4.23%,7.04%,9.86%,45.07%,33.80%,78.87%,.,,,,,,,,,,,.,,,,,,,,,,
274,Maury Elementary School,04,88,2,4,5,35,42,77,2.27%,4.55%,5.68%,39.77%,47.73%,87.50%,88,1,8,19,47,13,60,1.14%,9.09%,21.59%,53.41%,14.77%,68.18%,.,,,,,,,,,,,.,,,,,,,,,,
274,Maury Elementary School,05,43,5,3,10,17,8,25,11.63%,6.98%,23.26%,39.53%,18.60%,58.14%,43,9,2,8,16,8,24,20.93%,4.65%,18.60%,37.21%,18.60%,55.81%,.,,,,,,,,,,,.,,,,,,,,,,
274,Maury Elementary School,ALL,202,12,13,29,83,65,148,5.94%,6.44%,14.36%,41.09%,32.18%,73.27%,202,13,15,34,95,45,140,6.44%,7.43%,16.83%,47.03%,22.28%,69.31%,.,,,,,,,,,,,.,,,,,,,,,,
280,Miner Elementary School,03,55,33,12,9,1,0,1,60.00%,21.82%,16.36%,1.82%,0.00%,1.82%,54,36,10,5,3,0,3,66.67%,18.52%,9.26%,5.56%,0.00%,5.56%,.,,,,,,,,,,,.,,,,,,,,,,
280,Miner Elementary School,04,46,33,9,3,1,0,1,71.74%,19.57%,6.52%,2.17%,0.00%,2.17%,45,29,11,4,0,1,1,64.44%,24.44%,8.89%,0.00%,2.22%,2.22%,n < 10,,,,,,,,,,,n < 10,,,,,,,,,,
280,Miner Elementary School,05,47,29,9,6,3,0,3,61.70%,19.15%,12.77%,6.38%,0.00%,6.38%,47,23,17,3,2,2,4,48.94%,36.17%,6.38%,4.26%,4.26%,8.51%,n < 10,,,,,,,,,,,n < 10,,,,,,,,,,
280,Miner Elementary School,ALL,148,95,30,18,5,0,5,64.19%,20.27%,12.16%,3.38%,0.00%,3.38%,146,88,38,12,5,3,8,60.27%,26.03%,8.22%,3.42%,2.05%,5.48%,n < 10,,,,,,,,,,,n < 10,,,,,,,,,,
284,Marie Reed Elementary School,03,62,17,5,13,21,6,27,27.42%,8.06%,20.97%,33.87%,9.68%,43.55%,62,7,17,10,19,9,28,11.29%,27.42%,16.13%,30.65%,14.52%,45.16%,.,,,,,,,,,,,.,,,,,,,,,,
284,Marie Reed Elementary School,04,54,7,10,5,15,17,32,12.96%,18.52%,9.26%,27.78%,31.48%,59.26%,54,6,12,10,15,11,26,11.11%,22.22%,18.52%,27.78%,20.37%,48.15%,.,,,,,,,,,,,.,,,,,,,,,,
284,Marie Reed Elementary School,05,50,7,12,10,18,3,21,14.00%,24.00%,20.00%,36.00%,6.00%,42.00%,50,6,18,11,9,6,15,12.00%,36.00%,22.00%,18.00%,12.00%,30.00%,.,,,,,,,,,,,.,,,,,,,,,,
284,Marie Reed Elementary School,ALL,166,31,27,28,54,26,80,18.67%,16.27%,16.87%,32.53%,15.66%,48.19%,166,19,47,31,43,26,69,11.45%,28.31%,18.67%,25.90%,15.66%,41.57%,.,,,,,,,,,,,.,,,,,,,,,,
285,Moten Elementary School,03,31,11,7,9,4,0,4,35.48%,22.58%,29.03%,12.90%,0.00%,12.90%,31,9,7,9,4,2,6,29.03%,22.58%,29.03%,12.90%,6.45%,19.35%,.,,,,,,,,,,,.,,,,,,,,,,
285,Moten Elementary School,04,26,9,3,4,6,4,10,34.62%,11.54%,15.38%,23.08%,15.38%,38.46%,26,7,4,11,4,0,4,26.92%,15.38%,42.31%,15.38%,0.00%,15.38%,.,,,,,,,,,,,.,,,,,,,,,,
285,Moten Elementary School,05,20,5,4,3,5,3,8,25.00%,20.00%,15.00%,25.00%,15.00%,40.00%,20,3,5,5,6,1,7,15.00%,25.00%,25.00%,30.00%,5.00%,35.00%,.,,,,,,,,,,,.,,,,,,,,,,
285,Moten Elementary School,ALL,77,25,14,16,15,7,22,32.47%,18.18%,20.78%,19.48%,9.09%,28.57%,77,19,16,25,14,3,17,24.68%,20.78%,32.47%,18.18%,3.90%,22.08%,.,,,,,,,,,,,.,,,,,,,,,,
287,Murch Elementary School,03,101,17,7,18,50,9,59,16.83%,6.93%,17.82%,49.50%,8.91%,58.42%,102,11,9,11,51,20,71,10.78%,8.82%,10.78%,50.00%,19.61%,69.61%,.,,,,,,,,,,,.,,,,,,,,,,
287,Murch Elementary School,04,97,8,2,6,43,38,81,8.25%,2.06%,6.19%,44.33%,39.18%,83.51%,97,5,12,12,34,34,68,5.15%,12.37%,12.37%,35.05%,35.05%,70.10%,.,,,,,,,,,,,.,,,,,,,,,,
287,Murch Elementary School,05,94,8,4,13,35,34,69,8.51%,4.26%,13.83%,37.23%,36.17%,73.40%,94,5,6,16,37,30,67,5.32%,6.38%,17.02%,39.36%,31.91%,71.28%,.,,,,,,,,,,,.,,,,,,,,,,
287,Murch Elementary School,ALL,292,33,13,37,128,81,209,11.30%,4.45%,12.67%,43.84%,27.74%,71.58%,293,21,27,39,122,84,206,7.17%,9.22%,13.31%,41.64%,28.67%,70.31%,.,,,,,,,,,,,.,,,,,,,,,,
288,Nalle Elementary School,03,37,17,9,5,6,0,6,45.95%,24.32%,13.51%,16.22%,0.00%,16.22%,37,11,12,11,3,0,3,29.73%,32.43%,29.73%,8.11%,0.00%,8.11%,n < 10,,,,,,,,,,,n < 10,,,,,,,,,,
288,Nalle Elementary School,04,35,8,10,6,9,2,11,22.86%,28.57%,17.14%,25.71%,5.71%,31.43%,35,7,12,8,7,1,8,20.00%,34.29%,22.86%,20.00%,2.86%,22.86%,.,,,,,,,,,,,.,,,,,,,,,,
288,Nalle Elementary School,05,24,10,6,3,5,0,5,41.67%,25.00%,12.50%,20.83%,0.00%,20.83%,23,11,9,1,1,1,2,47.83%,39.13%,4.35%,4.35%,4.35%,8.70%,n < 10,,,,,,,,,,,n < 10,,,,,,,,,,
288,Nalle Elementary School,ALL,96,35,25,14,20,2,22,36.46%,26.04%,14.58%,20.83%,2.08%,22.92%,95,29,33,20,11,2,13,30.53%,34.74%,21.05%,11.58%,2.11%,13.68%,n < 10,,,,,,,,,,,n < 10,,,,,,,,,,
290,Noyes Elementary School,03,43,10,9,9,14,1,15,23.26%,20.93%,20.93%,32.56%,2.33%,34.88%,43,4,10,14,11,4,15,9.30%,23.26%,32.56%,25.58%,9.30%,34.88%,.,,,,,,,,,,,.,,,,,,,,,,
290,Noyes Elementary School,04,29,7,4,8,5,5,10,24.14%,13.79%,27.59%,17.24%,17.24%,34.48%,29,3,9,6,10,1,11,10.34%,31.03%,20.69%,34.48%,3.45%,37.93%,n < 10,,,,,,,,,,,n < 10,,,,,,,,,,
290,Noyes Elementary School,05,38,17,7,12,2,0,2,44.74%,18.42%,31.58%,5.26%,0.00%,5.26%,38,8,11,14,5,0,5,21.05%,28.95%,36.84%,13.16%,0.00%,13.16%,n < 10,,,,,,,,,,,n < 10,,,,,,,,,,
290,Noyes Elementary School,ALL,110,34,20,29,21,6,27,30.91%,18.18%,26.36%,19.09%,5.45%,24.55%,110,15,30,34,26,5,31,13.64%,27.27%,30.91%,23.64%,4.55%,28.18%,n < 10,,,,,,,,,,,n < 10,,,,,,,,,,
291,Lawrence E. Boone Elementary School,03,55,26,11,7,11,0,11,47.27%,20.00%,12.73%,20.00%,0.00%,20.00%,55,23,11,15,6,0,6,41.82%,20.00%,27.27%,10.91%,0.00%,10.91%,n < 10,,,,,,,,,,,n < 10,,,,,,,,,,
291,Lawrence E. Boone Elementary School,04,46,17,11,9,8,1,9,36.96%,23.91%,19.57%,17.39%,2.17%,19.57%,45,20,12,10,3,0,3,44.44%,26.67%,22.22%,6.67%,0.00%,6.67%,n < 10,,,,,,,,,,,n < 10,,,,,,,,,,
291,Lawrence E. Boone Elementary School,05,62,24,16,12,10,0,10,38.71%,25.81%,19.35%,16.13%,0.00%,16.13%,62,24,25,7,6,0,6,38.71%,40.32%,11.29%,9.68%,0.00%,9.68%,n < 10,,,,,,,,,,,n < 10,,,,,,,,,,
291,Lawrence E. Boone Elementary School,ALL,163,67,38,28,29,1,30,41.10%,23.31%,17.18%,17.79%,0.61%,18.40%,162,67,48,32,15,0,15,41.36%,29.63%,19.75%,9.26%,0.00%,9.26%,n < 10,,,,,,,,,,,n < 10,,,,,,,,,,
292,Oyster-Adams Bilingual School,03,94,5,7,24,49,9,58,5.32%,7.45%,25.53%,52.13%,9.57%,61.70%,94,2,4,14,45,29,74,2.13%,4.26%,14.89%,47.87%,30.85%,78.72%,.,,,,,,,,,,,.,,,,,,,,,,
292,Oyster-Adams Bilingual School,04,83,1,6,17,29,30,59,1.20%,7.23%,20.48%,34.94%,36.14%,71.08%,83,3,8,22,36,14,50,3.61%,9.64%,26.51%,43.37%,16.87%,60.24%,.,,,,,,,,,,,.,,,,,,,,,,
292,Oyster-Adams Bilingual School,05,83,4,2,12,51,14,65,4.82%,2.41%,14.46%,61.45%,16.87%,78.31%,83,0,11,23,39,10,49,0.00%,13.25%,27.71%,46.99%,12.05%,59.04%,.,,,,,,,,,,,.,,,,,,,,,,
292,Oyster-Adams Bilingual School,06,79,3,4,12,37,23,60,3.80%,5.06%,15.19%,46.84%,29.11%,75.95%,80,4,11,16,44,5,49,5.00%,13.75%,20.00%,55.00%,6.25%,61.25%,.,,,,,,,,,,,.,,,,,,,,,,
292,Oyster-Adams Bilingual School,07,68,0,4,11,14,39,53,0.00%,5.88%,16.18%,20.59%,57.35%,77.94%,68,2,5,17,31,13,44,2.94%,7.35%,25.00%,45.59%,19.12%,64.71%,.,,,,,,,,,,,.,,,,,,,,,,
292,Oyster-Adams Bilingual School,08,73,3,9,10,25,26,51,4.11%,12.33%,13.70%,34.25%,35.62%,69.86%,73,5,13,9,38,8,46,6.85%,17.81%,12.33%,52.05%,10.96%,63.01%,.,,,,,,,,,,,.,,,,,,,,,,
292,Oyster-Adams Bilingual School,ALL,480,16,32,86,205,141,346,3.33%,6.67%,17.92%,42.71%,29.38%,72.08%,481,16,52,101,233,79,312,3.33%,10.81%,21.00%,48.44%,16.42%,64.86%,.,,,,,,,,,,,.,,,,,,,,,,
294,Patterson Elementary School,03,29,12,6,6,5,0,5,41.38%,20.69%,20.69%,17.24%,0.00%,17.24%,30,9,6,9,5,1,6,30.00%,20.00%,30.00%,16.67%,3.33%,20.00%,n < 10,,,,,,,,,,,n < 10,,,,,,,,,,
294,Patterson Elementary School,04,28,3,4,8,13,0,13,10.71%,14.29%,28.57%,46.43%,0.00%,46.43%,28,3,9,10,6,0,6,10.71%,32.14%,35.71%,21.43%,0.00%,21.43%,n < 10,,,,,,,,,,,n < 10,,,,,,,,,,
294,Patterson Elementary School,05,24,9,7,5,3,0,3,37.50%,29.17%,20.83%,12.50%,0.00%,12.50%,24,10,11,2,0,1,1,41.67%,45.83%,8.33%,0.00%,4.17%,4.17%,n < 10,,,,,,,,,,,n < 10,,,,,,,,,,
294,Patterson Elementary School,ALL,81,24,17,19,21,0,21,29.63%,20.99%,23.46%,25.93%,0.00%,25.93%,82,22,26,21,11,2,13,26.83%,31.71%,25.61%,13.41%,2.44%,15.85%,n < 10,,,,,,,,,,,n < 10,,,,,,,,,,
295,Payne Elementary School,03,42,11,8,7,13,3,16,26.19%,19.05%,16.67%,30.95%,7.14%,38.10%,42,4,8,8,15,7,22,9.52%,19.05%,19.05%,35.71%,16.67%,52.38%,.,,,,,,,,,,,.,,,,,,,,,,
295,Payne Elementary School,04,42,7,3,8,9,15,24,16.67%,7.14%,19.05%,21.43%,35.71%,57.14%,42,4,7,10,11,10,21,9.52%,16.67%,23.81%,26.19%,23.81%,50.00%,.,,,,,,,,,,,.,,,,,,,,,,
295,Payne Elementary School,05,48,8,8,10,15,7,22,16.67%,16.67%,20.83%,31.25%,14.58%,45.83%,48,8,12,11,12,5,17,16.67%,25.00%,22.92%,25.00%,10.42%,35.42%,.,,,,,,,,,,,.,,,,,,,,,,
295,Payne Elementary School,ALL,132,26,19,25,37,25,62,19.70%,14.39%,18.94%,28.03%,18.94%,46.97%,132,16,27,29,38,22,60,12.12%,20.45%,21.97%,28.79%,16.67%,45.45%,.,,,,,,,,,,,.,,,,,,,,,,
296,Bruce-Monroe Elementary School @ Park View,03,44,8,8,7,12,9,21,18.18%,18.18%,15.91%,27.27%,20.45%,47.73%,44,1,4,12,17,10,27,2.27%,9.09%,27.27%,38.64%,22.73%,61.36%,.,,,,,,,,,,,.,,,,,,,,,,
296,Bruce-Monroe Elementary School @ Park View,04,51,11,9,14,10,7,17,21.57%,17.65%,27.45%,19.61%,13.73%,33.33%,51,7,11,13,14,6,20,13.73%,21.57%,25.49%,27.45%,11.76%,39.22%,.,,,,,,,,,,,.,,,,,,,,,,
296,Bruce-Monroe Elementary School @ Park View,05,49,12,7,14,11,5,16,24.49%,14.29%,28.57%,22.45%,10.20%,32.65%,49,6,14,10,13,6,19,12.24%,28.57%,20.41%,26.53%,12.24%,38.78%,.,,,,,,,,,,,.,,,,,,,,,,
296,Bruce-Monroe Elementary School @ Park View,ALL,144,31,24,35,33,21,54,21.53%,16.67%,24.31%,22.92%,14.58%,37.50%,144,14,29,35,44,22,66,9.72%,20.14%,24.31%,30.56%,15.28%,45.83%,.,,,,,,,,,,,.,,,,,,,,,,
299,Plummer Elementary School,03,26,12,6,4,4,0,4,46.15%,23.08%,15.38%,15.38%,0.00%,15.38%,25,8,6,8,3,0,3,32.00%,24.00%,32.00%,12.00%,0.00%,12.00%,.,,,,,,,,,,,.,,,,,,,,,,
299,Plummer Elementary School,04,24,6,11,5,2,0,2,25.00%,45.83%,20.83%,8.33%,0.00%,8.33%,23,7,10,5,1,0,1,30.43%,43.48%,21.74%,4.35%,0.00%,4.35%,.,,,,,,,,,,,.,,,,,,,,,,
299,Plummer Elementary School,05,20,5,7,5,2,1,3,25.00%,35.00%,25.00%,10.00%,5.00%,15.00%,20,9,6,3,2,0,2,45.00%,30.00%,15.00%,10.00%,0.00%,10.00%,.,,,,,,,,,,,.,,,,,,,,,,
299,Plummer Elementary School,ALL,70,23,24,14,8,1,9,32.86%,34.29%,20.00%,11.43%,1.43%,12.86%,68,24,22,16,6,0,6,35.29%,32.35%,23.53%,8.82%,0.00%,8.82%,.,,,,,,,,,,,.,,,,,,,,,,
300,Powell Elementary School,03,63,23,14,11,13,2,15,36.51%,22.22%,17.46%,20.63%,3.17%,23.81%,63,8,17,17,15,6,21,12.70%,26.98%,26.98%,23.81%,9.52%,33.33%,.,,,,,,,,,,,.,,,,,,,,,,
300,Powell Elementary School,04,69,7,8,14,25,15,40,10.14%,11.59%,20.29%,36.23%,21.74%,57.97%,69,5,17,23,17,7,24,7.25%,24.64%,33.33%,24.64%,10.14%,34.78%,.,,,,,,,,,,,.,,,,,,,,,,
300,Powell Elementary School,05,66,6,7,19,30,4,34,9.09%,10.61%,28.79%,45.45%,6.06%,51.52%,66,11,19,13,18,5,23,16.67%,28.79%,19.70%,27.27%,7.58%,34.85%,.,,,,,,,,,,,.,,,,,,,,,,
300,Powell Elementary School,ALL,198,36,29,44,68,21,89,18.18%,14.65%,22.22%,34.34%,10.61%,44.95%,198,24,53,53,50,18,68,12.12%,26.77%,26.77%,25.25%,9.09%,34.34%,.,,,,,,,,,,,.,,,,,,,,,,
302,Raymond Elementary School,03,49,19,13,6,8,3,11,38.78%,26.53%,12.24%,16.33%,6.12%,22.45%,49,10,15,10,12,2,14,20.41%,30.61%,20.41%,24.49%,4.08%,28.57%,n < 10,,,,,,,,,,,n < 10,,,,,,,,,,
302,Raymond Elementary School,04,60,9,11,15,17,8,25,15.00%,18.33%,25.00%,28.33%,13.33%,41.67%,59,12,23,15,9,0,9,20.34%,38.98%,25.42%,15.25%,0.00%,15.25%,n < 10,,,,,,,,,,,n < 10,,,,,,,,,,
302,Raymond Elementary School,05,48,8,11,13,16,0,16,16.67%,22.92%,27.08%,33.33%,0.00%,33.33%,48,10,22,8,8,0,8,20.83%,45.83%,16.67%,16.67%,0.00%,16.67%,.,,,,,,,,,,,.,,,,,,,,,,
302,Raymond Elementary School,ALL,157,36,35,34,41,11,52,22.93%,22.29%,21.66%,26.11%,7.01%,33.12%,156,32,60,33,29,2,31,20.51%,38.46%,21.15%,18.59%,1.28%,19.87%,n < 10,,,,,,,,,,,n < 10,,,,,,,,,,
304,River Terrace Education Campus,05,.,,,,,,,,,,,,,.,,,,,,,,,,,,,n < 10,,,,,,,,,,,n < 10,,,,,,,,,,
304,River Terrace Education Campus,06,.,,,,,,,,,,,,,.,,,,,,,,,,,,,n < 10,,,,,,,,,,,n < 10,,,,,,,,,,
304,River Terrace Education Campus,07,.,,,,,,,,,,,,,.,,,,,,,,,,,,,n < 10,,,,,,,,,,,n < 10,,,,,,,,,,
304,River Terrace Education Campus,08,.,,,,,,,,,,,,,.,,,,,,,,,,,,,n < 10,,,,,,,,,,,n < 10,,,,,,,,,,
304,River Terrace Education Campus,ALL,.,,,,,,,,,,,,,.,,,,,,,,,,,,,14,10,3,1,0,1,71.43%,21.43%,7.14%,0.00%,7.14%,14,8,5,1,0,1,57.14%,35.71%,7.14%,0.00%,7.14%
304,River Terrace Education Campus,HS,.,,,,,,,,,,,,,.,,,,,,,,,,,,,n < 10,,,,,,,,,,,n < 10,,,,,,,,,,
305,Ross Elementary School,03,26,1,3,1,13,8,21,3.85%,11.54%,3.85%,50.00%,30.77%,80.77%,26,2,0,3,15,6,21,7.69%,0.00%,11.54%,57.69%,23.08%,80.77%,.,,,,,,,,,,,.,,,,,,,,,,
305,Ross Elementary School,04,27,0,0,2,5,20,25,0.00%,0.00%,7.41%,18.52%,74.07%,92.59%,27,0,0,4,17,6,23,0.00%,0.00%,14.81%,62.96%,22.22%,85.19%,.,,,,,,,,,,,.,,,,,,,,,,
305,Ross Elementary School,05,21,2,1,2,7,9,16,9.52%,4.76%,9.52%,33.33%,42.86%,76.19%,21,2,0,4,7,8,15,9.52%,0.00%,19.05%,33.33%,38.10%,71.43%,.,,,,,,,,,,,.,,,,,,,,,,
305,Ross Elementary School,ALL,74,3,4,5,25,37,62,4.05%,5.41%,6.76%,33.78%,50.00%,83.78%,74,4,0,11,39,20,59,5.41%,0.00%,14.86%,52.70%,27.03%,79.73%,.,,,,,,,,,,,.,,,,,,,,,,
307,Savoy Elementary School,03,31,14,9,6,2,0,2,45.16%,29.03%,19.35%,6.45%,0.00%,6.45%,31,15,9,4,3,0,3,48.39%,29.03%,12.90%,9.68%,0.00%,9.68%,.,,,,,,,,,,,.,,,,,,,,,,
307,Savoy Elementary School,04,22,11,6,3,2,0,2,50.00%,27.27%,13.64%,9.09%,0.00%,9.09%,22,12,8,2,0,0,0,54.55%,36.36%,9.09%,0.00%,0.00%,0.00%,n < 10,,,,,,,,,,,n < 10,,,,,,,,,,
307,Savoy Elementary School,05,23,14,6,2,1,0,1,60.87%,26.09%,8.70%,4.35%,0.00%,4.35%,23,8,9,5,1,0,1,34.78%,39.13%,21.74%,4.35%,0.00%,4.35%,.,,,,,,,,,,,.,,,,,,,,,,
307,Savoy Elementary School,ALL,76,39,21,11,5,0,5,51.32%,27.63%,14.47%,6.58%,0.00%,6.58%,76,35,26,11,4,0,4,46.05%,34.21%,14.47%,5.26%,0.00%,5.26%,n < 10,,,,,,,,,,,n < 10,,,,,,,,,,
308,Malcolm X Elementary School @ Green,03,19,11,2,3,3,0,3,57.89%,10.53%,15.79%,15.79%,0.00%,15.79%,18,9,4,4,1,0,1,50.00%,22.22%,22.22%,5.56%,0.00%,5.56%,.,,,,,,,,,,,.,,,,,,,,,,
308,Malcolm X Elementary School @ Green,04,21,6,2,7,6,0,6,28.57%,9.52%,33.33%,28.57%,0.00%,28.57%,21,6,6,4,5,0,5,28.57%,28.57%,19.05%,23.81%,0.00%,23.81%,.,,,,,,,,,,,.,,,,,,,,,,
308,Malcolm X Elementary School @ Green,05,21,9,9,3,0,0,0,42.86%,42.86%,14.29%,0.00%,0.00%,0.00%,21,6,10,5,0,0,0,28.57%,47.62%,23.81%,0.00%,0.00%,0.00%,.,,,,,,,,,,,.,,,,,,,,,,
308,Malcolm X Elementary School @ Green,ALL,61,26,13,13,9,0,9,42.62%,21.31%,21.31%,14.75%,0.00%,14.75%,60,21,20,13,6,0,6,35.00%,33.33%,21.67%,10.00%,0.00%,10.00%,.,,,,,,,,,,,.,,,,,,,,,,
309,Seaton Elementary School,03,34,6,7,9,8,4,12,17.65%,20.59%,26.47%,23.53%,11.76%,35.29%,33,3,3,12,9,6,15,9.09%,9.09%,36.36%,27.27%,18.18%,45.45%,n < 10,,,,,,,,,,,n < 10,,,,,,,,,,
309,Seaton Elementary School,04,34,9,6,9,9,1,10,26.47%,17.65%,26.47%,26.47%,2.94%,29.41%,34,7,10,9,5,3,8,20.59%,29.41%,26.47%,14.71%,8.82%,23.53%,n < 10,,,,,,,,,,,n < 10,,,,,,,,,,
309,Seaton Elementary School,05,31,10,8,8,5,0,5,32.26%,25.81%,25.81%,16.13%,0.00%,16.13%,31,5,14,6,5,1,6,16.13%,45.16%,19.35%,16.13%,3.23%,19.35%,n < 10,,,,,,,,,,,n < 10,,,,,,,,,,
309,Seaton Elementary School,ALL,99,25,21,26,22,5,27,25.25%,21.21%,26.26%,22.22%,5.05%,27.27%,98,15,27,27,19,10,29,15.31%,27.55%,27.55%,19.39%,10.20%,29.59%,n < 10,,,,,,,,,,,n < 10,,,,,,,,,,
313,Shepherd Elementary School,03,48,3,4,9,24,8,32,6.25%,8.33%,18.75%,50.00%,16.67%,66.67%,48,2,4,11,19,12,31,4.17%,8.33%,22.92%,39.58%,25.00%,64.58%,.,,,,,,,,,,,.,,,,,,,,,,
313,Shepherd Elementary School,04,64,3,2,7,27,25,52,4.69%,3.13%,10.94%,42.19%,39.06%,81.25%,64,1,7,16,30,10,40,1.56%,10.94%,25.00%,46.88%,15.63%,62.50%,n < 10,,,,,,,,,,,n < 10,,,,,,,,,,
313,Shepherd Elementary School,05,47,2,5,7,24,9,33,4.26%,10.64%,14.89%,51.06%,19.15%,70.21%,47,1,7,9,21,9,30,2.13%,14.89%,19.15%,44.68%,19.15%,63.83%,.,,,,,,,,,,,.,,,,,,,,,,
313,Shepherd Elementary School,ALL,159,8,11,23,75,42,117,5.03%,6.92%,14.47%,47.17%,26.42%,73.58%,159,4,18,36,70,31,101,2.52%,11.32%,22.64%,44.03%,19.50%,63.52%,n < 10,,,,,,,,,,,n < 10,,,,,,,,,,
315,Simon Elementary School,03,26,16,5,4,1,0,1,61.54%,19.23%,15.38%,3.85%,0.00%,3.85%,26,12,6,6,2,0,2,46.15%,23.08%,23.08%,7.69%,0.00%,7.69%,n < 10,,,,,,,,,,,n < 10,,,,,,,,,,
315,Simon Elementary School,04,33,9,11,9,4,0,4,27.27%,33.33%,27.27%,12.12%,0.00%,12.12%,33,13,10,9,1,0,1,39.39%,30.30%,27.27%,3.03%,0.00%,3.03%,.,,,,,,,,,,,.,,,,,,,,,,
315,Simon Elementary School,05,22,6,6,4,6,0,6,27.27%,27.27%,18.18%,27.27%,0.00%,27.27%,22,6,8,6,2,0,2,27.27%,36.36%,27.27%,9.09%,0.00%,9.09%,n < 10,,,,,,,,,,,n < 10,,,,,,,,,,
315,Simon Elementary School,ALL,81,31,22,17,11,0,11,38.27%,27.16%,20.99%,13.58%,0.00%,13.58%,81,31,24,21,5,0,5,38.27%,29.63%,25.93%,6.17%,0.00%,6.17%,n < 10,,,,,,,,,,,n < 10,,,,,,,,,,
316,Randle Highlands Elementary School,03,39,19,4,8,8,0,8,48.72%,10.26%,20.51%,20.51%,0.00%,20.51%,39,12,9,9,7,2,9,30.77%,23.08%,23.08%,17.95%,5.13%,23.08%,.,,,,,,,,,,,.,,,,,,,,,,
316,Randle Highlands Elementary School,04,37,11,4,11,11,0,11,29.73%,10.81%,29.73%,29.73%,0.00%,29.73%,36,11,10,12,3,0,3,30.56%,27.78%,33.33%,8.33%,0.00%,8.33%,.,,,,,,,,,,,.,,,,,,,,,,
316,Randle Highlands Elementary School,05,38,15,7,8,7,1,8,39.47%,18.42%,21.05%,18.42%,2.63%,21.05%,38,13,13,6,5,1,6,34.21%,34.21%,15.79%,13.16%,2.63%,15.79%,.,,,,,,,,,,,.,,,,,,,,,,
316,Randle Highlands Elementary School,ALL,114,45,15,27,26,1,27,39.47%,13.16%,23.68%,22.81%,0.88%,23.68%,113,36,32,27,15,3,18,31.86%,28.32%,23.89%,13.27%,2.65%,15.93%,.,,,,,,,,,,,.,,,,,,,,,,
318,Excel Academy,03,33,20,5,5,3,0,3,60.61%,15.15%,15.15%,9.09%,0.00%,9.09%,33,15,8,5,4,1,5,45.45%,24.24%,15.15%,12.12%,3.03%,15.15%,.,,,,,,,,,,,.,,,,,,,,,,
318,Excel Academy,04,27,16,8,2,1,0,1,59.26%,29.63%,7.41%,3.70%,0.00%,3.70%,28,12,10,6,0,0,0,42.86%,35.71%,21.43%,0.00%,0.00%,0.00%,.,,,,,,,,,,,.,,,,,,,,,,
318,Excel Academy,05,38,17,7,9,3,2,5,44.74%,18.42%,23.68%,7.89%,5.26%,13.16%,38,8,14,13,3,0,3,21.05%,36.84%,34.21%,7.89%,0.00%,7.89%,.,,,,,,,,,,,.,,,,,,,,,,
318,Excel Academy,06,49,13,11,17,8,0,8,26.53%,22.45%,34.69%,16.33%,0.00%,16.33%,47,18,20,7,2,0,2,38.30%,42.55%,14.89%,4.26%,0.00%,4.26%,.,,,,,,,,,,,.,,,,,,,,,,
318,Excel Academy,07,43,7,14,11,7,4,11,16.28%,32.56%,25.58%,16.28%,9.30%,25.58%,43,5,23,12,3,0,3,11.63%,53.49%,27.91%,6.98%,0.00%,6.98%,.,,,,,,,,,,,.,,,,,,,,,,
318,Excel Academy,08,33,7,7,5,13,1,14,21.21%,21.21%,15.15%,39.39%,3.03%,42.42%,34,21,8,4,1,0,1,61.76%,23.53%,11.76%,2.94%,0.00%,2.94%,.,,,,,,,,,,,.,,,,,,,,,,
318,Excel Academy,ALL,223,80,52,49,35,7,42,35.87%,23.32%,21.97%,15.70%,3.14%,18.83%,223,79,83,47,13,1,14,35.43%,37.22%,21.08%,5.83%,0.45%,6.28%,.,,,,,,,,,,,.,,,,,,,,,,
319,Stanton Elementary School,03,36,11,15,4,6,0,6,30.56%,41.67%,11.11%,16.67%,0.00%,16.67%,36,4,9,15,8,0,8,11.11%,25.00%,41.67%,22.22%,0.00%,22.22%,.,,,,,,,,,,,.,,,,,,,,,,
319,Stanton Elementary School,04,37,14,10,9,4,0,4,37.84%,27.03%,24.32%,10.81%,0.00%,10.81%,35,6,14,12,3,0,3,17.14%,40.00%,34.29%,8.57%,0.00%,8.57%,.,,,,,,,,,,,.,,,,,,,,,,
319,Stanton Elementary School,05,35,15,6,6,8,0,8,42.86%,17.14%,17.14%,22.86%,0.00%,22.86%,34,9,9,5,10,1,11,26.47%,26.47%,14.71%,29.41%,2.94%,32.35%,n < 10,,,,,,,,,,,n < 10,,,,,,,,,,
319,Stanton Elementary School,ALL,108,40,31,19,18,0,18,37.04%,28.70%,17.59%,16.67%,0.00%,16.67%,105,19,32,32,21,1,22,18.10%,30.48%,30.48%,20.00%,0.95%,20.95%,n < 10,,,,,,,,,,,n < 10,,,,,,,,,,
321,Stoddert Elementary School,03,82,4,3,13,54,8,62,4.88%,3.66%,15.85%,65.85%,9.76%,75.61%,82,2,4,10,38,28,66,2.44%,4.88%,12.20%,46.34%,34.15%,80.49%,.,,,,,,,,,,,.,,,,,,,,,,
321,Stoddert Elementary School,04,52,2,1,3,22,24,46,3.85%,1.92%,5.77%,42.31%,46.15%,88.46%,52,1,2,7,28,14,42,1.92%,3.85%,13.46%,53.85%,26.92%,80.77%,.,,,,,,,,,,,.,,,,,,,,,,
321,Stoddert Elementary School,05,63,2,1,6,40,14,54,3.17%,1.59%,9.52%,63.49%,22.22%,85.71%,63,0,6,8,35,14,49,0.00%,9.52%,12.70%,55.56%,22.22%,77.78%,.,,,,,,,,,,,.,,,,,,,,,,
321,Stoddert Elementary School,ALL,197,8,5,22,116,46,162,4.06%,2.54%,11.17%,58.88%,23.35%,82.23%,197,3,12,25,101,56,157,1.52%,6.09%,12.69%,51.27%,28.43%,79.70%,.,,,,,,,,,,,.,,,,,,,,,,
322,Smothers Elementary School,03,29,19,3,5,2,0,2,65.52%,10.34%,17.24%,6.90%,0.00%,6.90%,28,18,5,4,1,0,1,64.29%,17.86%,14.29%,3.57%,0.00%,3.57%,n < 10,,,,,,,,,,,n < 10,,,,,,,,,,
322,Smothers Elementary School,04,35,13,7,9,6,0,6,37.14%,20.00%,25.71%,17.14%,0.00%,17.14%,32,10,10,10,2,0,2,31.25%,31.25%,31.25%,6.25%,0.00%,6.25%,n < 10,,,,,,,,,,,n < 10,,,,,,,,,,
322,Smothers Elementary School,05,24,11,4,6,3,0,3,45.83%,16.67%,25.00%,12.50%,0.00%,12.50%,22,7,9,5,1,0,1,31.82%,40.91%,22.73%,4.55%,0.00%,4.55%,n < 10,,,,,,,,,,,n < 10,,,,,,,,,,
322,Smothers Elementary School,ALL,88,43,14,20,11,0,11,48.86%,15.91%,22.73%,12.50%,0.00%,12.50%,82,35,24,19,4,0,4,42.68%,29.27%,23.17%,4.88%,0.00%,4.88%,n < 10,,,,,,,,,,,n < 10,,,,,,,,,,
324,Takoma Elementary School,03,63,20,16,13,14,0,14,31.75%,25.40%,20.63%,22.22%,0.00%,22.22%,63,17,16,17,10,3,13,26.98%,25.40%,26.98%,15.87%,4.76%,20.63%,n < 10,,,,,,,,,,,n < 10,,,,,,,,,,
324,Takoma Elementary School,04,52,11,11,15,11,4,15,21.15%,21.15%,28.85%,21.15%,7.69%,28.85%,52,19,8,11,13,1,14,36.54%,15.38%,21.15%,25.00%,1.92%,26.92%,n < 10,,,,,,,,,,,n < 10,,,,,,,,,,
324,Takoma Elementary School,05,46,14,7,10,12,3,15,30.43%,15.22%,21.74%,26.09%,6.52%,32.61%,46,5,9,17,12,3,15,10.87%,19.57%,36.96%,26.09%,6.52%,32.61%,n < 10,,,,,,,,,,,n < 10,,,,,,,,,,
324,Takoma Elementary School,ALL,161,45,34,38,37,7,44,27.95%,21.12%,23.60%,22.98%,4.35%,27.33%,161,41,33,45,35,7,42,25.47%,20.50%,27.95%,21.74%,4.35%,26.09%,n < 10,,,,,,,,,,,n < 10,,,,,,,,,,
325,Thomas Elementary School,03,22,12,4,3,3,0,3,54.55%,18.18%,13.64%,13.64%,0.00%,13.64%,22,7,5,7,3,0,3,31.82%,22.73%,31.82%,13.64%,0.00%,13.64%,.,,,,,,,,,,,.,,,,,,,,,,
325,Thomas Elementary School,04,32,12,7,6,5,2,7,37.50%,21.88%,18.75%,15.63%,6.25%,21.88%,32,11,13,3,5,0,5,34.38%,40.63%,9.38%,15.63%,0.00%,15.63%,n < 10,,,,,,,,,,,n < 10,,,,,,,,,,
325,Thomas Elementary School,05,18,7,3,5,3,0,3,38.89%,16.67%,27.78%,16.67%,0.00%,16.67%,18,6,4,5,3,0,3,33.33%,22.22%,27.78%,16.67%,0.00%,16.67%,.,,,,,,,,,,,.,,,,,,,,,,
325,Thomas Elementary School,ALL,72,31,14,14,11,2,13,43.06%,19.44%,19.44%,15.28%,2.78%,18.06%,72,24,22,15,11,0,11,33.33%,30.56%,20.83%,15.28%,0.00%,15.28%,n < 10,,,,,,,,,,,n < 10,,,,,,,,,,
326,Thomson Elementary School,03,33,15,8,1,8,1,9,45.45%,24.24%,3.03%,24.24%,3.03%,27.27%,33,6,10,7,8,2,10,18.18%,30.30%,21.21%,24.24%,6.06%,30.30%,.,,,,,,,,,,,.,,,,,,,,,,
326,Thomson Elementary School,04,33,3,6,8,12,4,16,9.09%,18.18%,24.24%,36.36%,12.12%,48.48%,33,6,9,9,8,1,9,18.18%,27.27%,27.27%,24.24%,3.03%,27.27%,.,,,,,,,,,,,.,,,,,,,,,,
326,Thomson Elementary School,05,18,4,5,1,7,1,8,22.22%,27.78%,5.56%,38.89%,5.56%,44.44%,18,5,6,3,4,0,4,27.78%,33.33%,16.67%,22.22%,0.00%,22.22%,.,,,,,,,,,,,.,,,,,,,,,,
326,Thomson Elementary School,ALL,84,22,19,10,27,6,33,26.19%,22.62%,11.90%,32.14%,7.14%,39.29%,84,17,25,19,20,3,23,20.24%,29.76%,22.62%,23.81%,3.57%,27.38%,.,,,,,,,,,,,.,,,,,,,,,,
327,Truesdell Elementary School,03,44,27,10,4,3,0,3,61.36%,22.73%,9.09%,6.82%,0.00%,6.82%,44,18,14,6,5,1,6,40.91%,31.82%,13.64%,11.36%,2.27%,13.64%,.,,,,,,,,,,,.,,,,,,,,,,
327,Truesdell Elementary School,04,53,17,8,9,12,7,19,32.08%,15.09%,16.98%,22.64%,13.21%,35.85%,53,13,14,11,14,1,15,24.53%,26.42%,20.75%,26.42%,1.89%,28.30%,.,,,,,,,,,,,.,,,,,,,,,,
327,Truesdell Elementary School,05,41,14,9,8,9,1,10,34.15%,21.95%,19.51%,21.95%,2.44%,24.39%,41,20,12,6,2,1,3,48.78%,29.27%,14.63%,4.88%,2.44%,7.32%,.,,,,,,,,,,,.,,,,,,,,,,
327,Truesdell Elementary School,ALL,138,58,27,21,24,8,32,42.03%,19.57%,15.22%,17.39%,5.80%,23.19%,138,51,40,23,21,3,24,36.96%,28.99%,16.67%,15.22%,2.17%,17.39%,.,,,,,,,,,,,.,,,,,,,,,,
328,Tubman Elementary School,03,58,26,16,5,10,1,11,44.83%,27.59%,8.62%,17.24%,1.72%,18.97%,58,11,16,16,12,3,15,18.97%,27.59%,27.59%,20.69%,5.17%,25.86%,n < 10,,,,,,,,,,,n < 10,,,,,,,,,,
328,Tubman Elementary School,04,49,12,11,10,13,3,16,24.49%,22.45%,20.41%,26.53%,6.12%,32.65%,49,8,16,10,15,0,15,16.33%,32.65%,20.41%,30.61%,0.00%,30.61%,n < 10,,,,,,,,,,,n < 10,,,,,,,,,,
328,Tubman Elementary School,05,51,15,9,12,14,1,15,29.41%,17.65%,23.53%,27.45%,1.96%,29.41%,51,7,21,12,10,1,11,13.73%,41.18%,23.53%,19.61%,1.96%,21.57%,n < 10,,,,,,,,,,,n < 10,,,,,,,,,,
328,Tubman Elementary School,ALL,158,53,36,27,37,5,42,33.54%,22.78%,17.09%,23.42%,3.16%,26.58%,158,26,53,38,37,4,41,16.46%,33.54%,24.05%,23.42%,2.53%,25.95%,12,2,1,6,3,9,16.67%,8.33%,50.00%,25.00%,75.00%,12,1,4,6,1,7,8.33%,33.33%,50.00%,8.33%,58.33%
329,Turner Elementary School,03,70,47,15,6,2,0,2,67.14%,21.43%,8.57%,2.86%,0.00%,2.86%,70,46,13,7,4,0,4,65.71%,18.57%,10.00%,5.71%,0.00%,5.71%,.,,,,,,,,,,,.,,,,,,,,,,
329,Turner Elementary School,04,60,25,19,12,4,0,4,41.67%,31.67%,20.00%,6.67%,0.00%,6.67%,60,24,22,11,3,0,3,40.00%,36.67%,18.33%,5.00%,0.00%,5.00%,n < 10,,,,,,,,,,,n < 10,,,,,,,,,,
329,Turner Elementary School,05,49,25,19,3,2,0,2,51.02%,38.78%,6.12%,4.08%,0.00%,4.08%,51,24,26,1,0,0,0,47.06%,50.98%,1.96%,0.00%,0.00%,0.00%,n < 10,,,,,,,,,,,n < 10,,,,,,,,,,
329,Turner Elementary School,ALL,179,97,53,21,8,0,8,54.19%,29.61%,11.73%,4.47%,0.00%,4.47%,181,94,61,19,7,0,7,51.93%,33.70%,10.50%,3.87%,0.00%,3.87%,n < 10,,,,,,,,,,,n < 10,,,,,,,,,,
330,Shirley Chisholm Elementary School,03,70,15,11,6,29,9,38,21.43%,15.71%,8.57%,41.43%,12.86%,54.29%,70,13,8,17,20,12,32,18.57%,11.43%,24.29%,28.57%,17.14%,45.71%,.,,,,,,,,,,,.,,,,,,,,,,
330,Shirley Chisholm Elementary School,04,62,6,15,11,18,12,30,9.68%,24.19%,17.74%,29.03%,19.35%,48.39%,63,5,19,13,19,7,26,7.94%,30.16%,20.63%,30.16%,11.11%,41.27%,.,,,,,,,,,,,.,,,,,,,,,,
330,Shirley Chisholm Elementary School,05,58,9,10,11,20,8,28,15.52%,17.24%,18.97%,34.48%,13.79%,48.28%,58,10,16,11,18,3,21,17.24%,27.59%,18.97%,31.03%,5.17%,36.21%,.,,,,,,,,,,,.,,,,,,,,,,
330,Shirley Chisholm Elementary School,ALL,190,30,36,28,67,29,96,15.79%,18.95%,14.74%,35.26%,15.26%,50.53%,191,28,43,41,57,22,79,14.66%,22.51%,21.47%,29.84%,11.52%,41.36%,.,,,,,,,,,,,.,,,,,,,,,,
331,Van Ness Elementary School,03,57,15,11,13,12,6,18,26.32%,19.30%,22.81%,21.05%,10.53%,31.58%,57,15,16,12,6,8,14,26.32%,28.07%,21.05%,10.53%,14.04%,24.56%,.,,,,,,,,,,,.,,,,,,,,,,
331,Van Ness Elementary School,04,45,16,9,9,10,1,11,35.56%,20.00%,20.00%,22.22%,2.22%,24.44%,46,14,16,9,6,1,7,30.43%,34.78%,19.57%,13.04%,2.17%,15.22%,.,,,,,,,,,,,.,,,,,,,,,,
331,Van Ness Elementary School,05,49,16,11,10,8,4,12,32.65%,22.45%,20.41%,16.33%,8.16%,24.49%,49,19,18,4,6,2,8,38.78%,36.73%,8.16%,12.24%,4.08%,16.33%,.,,,,,,,,,,,.,,,,,,,,,,
331,Van Ness Elementary School,ALL,151,47,31,32,30,11,41,31.13%,20.53%,21.19%,19.87%,7.28%,27.15%,152,48,50,25,18,11,29,31.58%,32.89%,16.45%,11.84%,7.24%,19.08%,.,,,,,,,,,,,.,,,,,,,,,,
332,Walker-Jones Education Campus,03,29,16,3,7,3,0,3,55.17%,10.34%,24.14%,10.34%,0.00%,10.34%,29,17,7,4,1,0,1,58.62%,24.14%,13.79%,3.45%,0.00%,3.45%,.,,,,,,,,,,,.,,,,,,,,,,
332,Walker-Jones Education Campus,04,29,13,7,5,2,2,4,44.83%,24.14%,17.24%,6.90%,6.90%,13.79%,28,16,8,4,0,0,0,57.14%,28.57%,14.29%,0.00%,0.00%,0.00%,.,,,,,,,,,,,.,,,,,,,,,,
332,Walker-Jones Education Campus,05,27,7,5,9,5,1,6,25.93%,18.52%,33.33%,18.52%,3.70%,22.22%,27,15,8,3,1,0,1,55.56%,29.63%,11.11%,3.70%,0.00%,3.70%,.,,,,,,,,,,,.,,,,,,,,,,
332,Walker-Jones Education Campus,06,30,6,7,5,9,3,12,20.00%,23.33%,16.67%,30.00%,10.00%,40.00%,30,11,8,9,2,0,2,36.67%,26.67%,30.00%,6.67%,0.00%,6.67%,.,,,,,,,,,,,.,,,,,,,,,,
332,Walker-Jones Education Campus,07,25,2,10,2,10,1,11,8.00%,40.00%,8.00%,40.00%,4.00%,44.00%,25,4,9,10,2,0,2,16.00%,36.00%,40.00%,8.00%,0.00%,8.00%,n < 10,,,,,,,,,,,n < 10,,,,,,,,,,
332,Walker-Jones Education Campus,08,23,3,4,9,5,2,7,13.04%,17.39%,39.13%,21.74%,8.70%,30.43%,23,8,10,5,0,0,0,34.78%,43.48%,21.74%,0.00%,0.00%,0.00%,.,,,,,,,,,,,.,,,,,,,,,,
332,Walker-Jones Education Campus,ALL,163,47,36,37,34,9,43,28.83%,22.09%,22.70%,20.86%,5.52%,26.38%,162,71,50,35,6,0,6,43.83%,30.86%,21.60%,3.70%,0.00%,3.70%,n < 10,,,,,,,,,,,n < 10,,,,,,,,,,
333,Watkins Elementary School (Capitol Hill Cluster),03,88,23,15,21,28,1,29,26.14%,17.05%,23.86%,31.82%,1.14%,32.95%,88,16,19,17,26,10,36,18.18%,21.59%,19.32%,29.55%,11.36%,40.91%,.,,,,,,,,,,,.,,,,,,,,,,
333,Watkins Elementary School (Capitol Hill Cluster),04,91,15,14,26,20,16,36,16.48%,15.38%,28.57%,21.98%,17.58%,39.56%,90,12,11,20,38,9,47,13.33%,12.22%,22.22%,42.22%,10.00%,52.22%,.,,,,,,,,,,,.,,,,,,,,,,
333,Watkins Elementary School (Capitol Hill Cluster),05,70,9,9,24,25,3,28,12.86%,12.86%,34.29%,35.71%,4.29%,40.00%,67,8,20,18,16,5,21,11.94%,29.85%,26.87%,23.88%,7.46%,31.34%,.,,,,,,,,,,,.,,,,,,,,,,
333,Watkins Elementary School (Capitol Hill Cluster),ALL,249,47,38,71,73,20,93,18.88%,15.26%,28.51%,29.32%,8.03%,37.35%,245,36,50,55,80,24,104,14.69%,20.41%,22.45%,32.65%,9.80%,42.45%,.,,,,,,,,,,,.,,,,,,,,,,
335,Wheatley Education Campus,03,34,15,9,7,3,0,3,44.12%,26.47%,20.59%,8.82%,0.00%,8.82%,34,11,14,6,3,0,3,32.35%,41.18%,17.65%,8.82%,0.00%,8.82%,.,,,,,,,,,,,.,,,,,,,,,,
335,Wheatley Education Campus,04,38,17,7,7,7,0,7,44.74%,18.42%,18.42%,18.42%,0.00%,18.42%,37,18,12,4,2,1,3,48.65%,32.43%,10.81%,5.41%,2.70%,8.11%,.,,,,,,,,,,,.,,,,,,,,,,
335,Wheatley Education Campus,05,32,13,8,7,4,0,4,40.63%,25.00%,21.88%,12.50%,0.00%,12.50%,31,13,8,9,1,0,1,41.94%,25.81%,29.03%,3.23%,0.00%,3.23%,.,,,,,,,,,,,.,,,,,,,,,,
335,Wheatley Education Campus,06,32,5,14,8,5,0,5,15.63%,43.75%,25.00%,15.63%,0.00%,15.63%,32,11,14,6,1,0,1,34.38%,43.75%,18.75%,3.13%,0.00%,3.13%,.,,,,,,,,,,,.,,,,,,,,,,
335,Wheatley Education Campus,07,24,10,4,6,4,0,4,41.67%,16.67%,25.00%,16.67%,0.00%,16.67%,24,7,9,8,0,0,0,29.17%,37.50%,33.33%,0.00%,0.00%,0.00%,.,,,,,,,,,,,.,,,,,,,,,,
335,Wheatley Education Campus,08,22,8,5,3,6,0,6,36.36%,22.73%,13.64%,27.27%,0.00%,27.27%,22,12,2,6,2,0,2,54.55%,9.09%,27.27%,9.09%,0.00%,9.09%,.,,,,,,,,,,,.,,,,,,,,,,
335,Wheatley Education Campus,ALL,182,68,47,38,29,0,29,37.36%,25.82%,20.88%,15.93%,0.00%,15.93%,180,72,59,39,9,1,10,40.00%,32.78%,21.67%,5.00%,0.56%,5.56%,.,,,,,,,,,,,.,,,,,,,,,,
336,John Lewis Elementary School,03,66,23,10,16,17,0,17,34.85%,15.15%,24.24%,25.76%,0.00%,25.76%,66,11,10,16,17,12,29,16.67%,15.15%,24.24%,25.76%,18.18%,43.94%,n < 10,,,,,,,,,,,n < 10,,,,,,,,,,
336,John Lewis Elementary School,04,49,10,15,6,10,8,18,20.41%,30.61%,12.24%,20.41%,16.33%,36.73%,49,6,10,15,14,4,18,12.24%,20.41%,30.61%,28.57%,8.16%,36.73%,n < 10,,,,,,,,,,,n < 10,,,,,,,,,,
336,John Lewis Elementary School,05,53,12,8,10,17,6,23,22.64%,15.09%,18.87%,32.08%,11.32%,43.40%,53,9,17,8,13,6,19,16.98%,32.08%,15.09%,24.53%,11.32%,35.85%,.,,,,,,,,,,,.,,,,,,,,,,
336,John Lewis Elementary School,ALL,168,45,33,32,44,14,58,26.79%,19.64%,19.05%,26.19%,8.33%,34.52%,168,26,37,39,44,22,66,15.48%,22.02%,23.21%,26.19%,13.10%,39.29%,n < 10,,,,,,,,,,,n < 10,,,,,,,,,,
338,Whittier Elementary School,03,43,1,6,11,21,4,25,2.33%,13.95%,25.58%,48.84%,9.30%,58.14%,43,0,4,14,17,8,25,0.00%,9.30%,32.56%,39.53%,18.60%,58.14%,n < 10,,,,,,,,,,,n < 10,,,,,,,,,,
338,Whittier Elementary School,04,37,3,6,11,11,6,17,8.11%,16.22%,29.73%,29.73%,16.22%,45.95%,37,1,3,10,17,6,23,2.70%,8.11%,27.03%,45.95%,16.22%,62.16%,n < 10,,,,,,,,,,,n < 10,,,,,,,,,,
338,Whittier Elementary School,05,45,9,11,11,12,2,14,20.00%,24.44%,24.44%,26.67%,4.44%,31.11%,45,4,11,13,13,4,17,8.89%,24.44%,28.89%,28.89%,8.89%,37.78%,n < 10,,,,,,,,,,,n < 10,,,,,,,,,,
338,Whittier Elementary School,ALL,125,13,23,33,44,12,56,10.40%,18.40%,26.40%,35.20%,9.60%,44.80%,125,5,18,37,47,18,65,4.00%,14.40%,29.60%,37.60%,14.40%,52.00%,14,1,2,8,3,11,7.14%,14.29%,57.14%,21.43%,78.57%,14,1,2,5,6,11,7.14%,14.29%,35.71%,42.86%,78.57%
339,J.O. Wilson Elementary School,03,67,22,12,15,16,2,18,32.84%,17.91%,22.39%,23.88%,2.99%,26.87%,67,29,11,14,11,2,13,43.28%,16.42%,20.90%,16.42%,2.99%,19.40%,.,,,,,,,,,,,.,,,,,,,,,,
339,J.O. Wilson Elementary School,04,52,7,13,10,14,8,22,13.46%,25.00%,19.23%,26.92%,15.38%,42.31%,52,9,11,20,10,2,12,17.31%,21.15%,38.46%,19.23%,3.85%,23.08%,.,,,,,,,,,,,.,,,,,,,,,,
339,J.O. Wilson Elementary School,05,48,9,11,13,11,4,15,18.75%,22.92%,27.08%,22.92%,8.33%,31.25%,48,6,18,13,8,3,11,12.50%,37.50%,27.08%,16.67%,6.25%,22.92%,.,,,,,,,,,,,.,,,,,,,,,,
339,J.O. Wilson Elementary School,ALL,167,38,36,38,41,14,55,22.75%,21.56%,22.75%,24.55%,8.38%,32.93%,167,44,40,47,29,7,36,26.35%,23.95%,28.14%,17.37%,4.19%,21.56%,.,,,,,,,,,,,.,,,,,,,,,,
344,King Elementary School,03,22,8,7,4,2,1,3,36.36%,31.82%,18.18%,9.09%,4.55%,13.64%,22,7,8,4,3,0,3,31.82%,36.36%,18.18%,13.64%,0.00%,13.64%,.,,,,,,,,,,,.,,,,,,,,,,
344,King Elementary School,04,22,8,2,9,2,1,3,36.36%,9.09%,40.91%,9.09%,4.55%,13.64%,22,8,7,4,3,0,3,36.36%,31.82%,18.18%,13.64%,0.00%,13.64%,.,,,,,,,,,,,.,,,,,,,,,,
344,King Elementary School,05,31,13,5,9,4,0,4,41.94%,16.13%,29.03%,12.90%,0.00%,12.90%,31,8,14,7,2,0,2,25.81%,45.16%,22.58%,6.45%,0.00%,6.45%,n < 10,,,,,,,,,,,n < 10,,,,,,,,,,
344,King Elementary School,ALL,75,29,14,22,8,2,10,38.67%,18.67%,29.33%,10.67%,2.67%,13.33%,75,23,29,15,8,0,8,30.67%,38.67%,20.00%,10.67%,0.00%,10.67%,n < 10,,,,,,,,,,,n < 10,,,,,,,,,,
347,Brookland Middle School,06,102,22,17,35,24,4,28,21.57%,16.67%,34.31%,23.53%,3.92%,27.45%,102,45,32,19,4,2,6,44.12%,31.37%,18.63%,3.92%,1.96%,5.88%,n < 10,,,,,,,,,,,n < 10,,,,,,,,,,
347,Brookland Middle School,07,103,25,22,26,29,1,30,24.27%,21.36%,25.24%,28.16%,0.97%,29.13%,105,18,42,37,6,2,8,17.14%,40.00%,35.24%,5.71%,1.90%,7.62%,n < 10,,,,,,,,,,,n < 10,,,,,,,,,,
347,Brookland Middle School,08,126,32,20,40,32,2,34,25.40%,15.87%,31.75%,25.40%,1.59%,26.98%,124,63,40,14,7,0,7,50.81%,32.26%,11.29%,5.65%,0.00%,5.65%,n < 10,,,,,,,,,,,n < 10,,,,,,,,,,
347,Brookland Middle School,ALL,331,79,59,101,85,7,92,23.87%,17.82%,30.51%,25.68%,2.11%,27.79%,331,126,114,70,17,4,21,38.07%,34.44%,21.15%,5.14%,1.21%,6.34%,12,5,2,4,1,5,41.67%,16.67%,33.33%,8.33%,41.67%,12,2,2,6,2,8,16.67%,16.67%,50.00%,16.67%,66.67%
349,Dorothy I. Height Elementary School,03,49,12,13,14,9,1,10,24.49%,26.53%,28.57%,18.37%,2.04%,20.41%,49,11,13,9,14,2,16,22.45%,26.53%,18.37%,28.57%,4.08%,32.65%,n < 10,,,,,,,,,,,n < 10,,,,,,,,,,
349,Dorothy I. Height Elementary School,04,47,5,8,9,16,9,25,10.64%,17.02%,19.15%,34.04%,19.15%,53.19%,47,7,15,13,9,3,12,14.89%,31.91%,27.66%,19.15%,6.38%,25.53%,n < 10,,,,,,,,,,,n < 10,,,,,,,,,,
349,Dorothy I. Height Elementary School,05,47,7,9,12,17,2,19,14.89%,19.15%,25.53%,36.17%,4.26%,40.43%,47,10,10,14,12,1,13,21.28%,21.28%,29.79%,25.53%,2.13%,27.66%,.,,,,,,,,,,,.,,,,,,,,,,
349,Dorothy I. Height Elementary School,ALL,143,24,30,35,42,12,54,16.78%,20.98%,24.48%,29.37%,8.39%,37.76%,143,28,38,36,35,6,41,19.58%,26.57%,25.17%,24.48%,4.20%,28.67%,n < 10,,,,,,,,,,,n < 10,,,,,,,,,,
360,Capitol Hill Montessori School @ Logan,03,41,13,6,8,11,3,14,31.71%,14.63%,19.51%,26.83%,7.32%,34.15%,41,9,12,7,9,4,13,21.95%,29.27%,17.07%,21.95%,9.76%,31.71%,.,,,,,,,,,,,.,,,,,,,,,,
360,Capitol Hill Montessori School @ Logan,04,43,4,9,12,13,5,18,9.30%,20.93%,27.91%,30.23%,11.63%,41.86%,43,8,13,12,9,1,10,18.60%,30.23%,27.91%,20.93%,2.33%,23.26%,.,,,,,,,,,,,.,,,,,,,,,,
360,Capitol Hill Montessori School @ Logan,05,37,8,10,5,13,1,14,21.62%,27.03%,13.51%,35.14%,2.70%,37.84%,37,7,12,8,8,2,10,18.92%,32.43%,21.62%,21.62%,5.41%,27.03%,.,,,,,,,,,,,.,,,,,,,,,,
360,Capitol Hill Montessori School @ Logan,06,46,7,9,4,21,5,26,15.22%,19.57%,8.70%,45.65%,10.87%,56.52%,45,7,10,20,5,3,8,15.56%,22.22%,44.44%,11.11%,6.67%,17.78%,.,,,,,,,,,,,.,,,,,,,,,,
360,Capitol Hill Montessori School @ Logan,07,37,5,1,9,18,4,22,13.51%,2.70%,24.32%,48.65%,10.81%,59.46%,37,3,15,12,5,2,7,8.11%,40.54%,32.43%,13.51%,5.41%,18.92%,.,,,,,,,,,,,.,,,,,,,,,,
360,Capitol Hill Montessori School @ Logan,08,37,2,5,5,18,7,25,5.41%,13.51%,13.51%,48.65%,18.92%,67.57%,37,9,13,7,8,0,8,24.32%,35.14%,18.92%,21.62%,0.00%,21.62%,.,,,,,,,,,,,.,,,,,,,,,,
360,Capitol Hill Montessori School @ Logan,ALL,241,39,40,43,94,25,119,16.18%,16.60%,17.84%,39.00%,10.37%,49.38%,240,43,75,66,44,12,56,17.92%,31.25%,27.50%,18.33%,5.00%,23.33%,.,,,,,,,,,,,.,,,,,,,,,,
370,Langley Elementary School,03,52,23,9,9,11,0,11,44.23%,17.31%,17.31%,21.15%,0.00%,21.15%,51,20,10,12,7,2,9,39.22%,19.61%,23.53%,13.73%,3.92%,17.65%,.,,,,,,,,,,,.,,,,,,,,,,
370,Langley Elementary School,04,29,16,6,3,3,1,4,55.17%,20.69%,10.34%,10.34%,3.45%,13.79%,29,17,8,2,2,0,2,58.62%,27.59%,6.90%,6.90%,0.00%,6.90%,.,,,,,,,,,,,.,,,,,,,,,,
370,Langley Elementary School,05,42,17,12,6,7,0,7,40.48%,28.57%,14.29%,16.67%,0.00%,16.67%,41,21,13,7,0,0,0,51.22%,31.71%,17.07%,0.00%,0.00%,0.00%,.,,,,,,,,,,,.,,,,,,,,,,
370,Langley Elementary School,ALL,123,56,27,18,21,1,22,45.53%,21.95%,14.63%,17.07%,0.81%,17.89%,121,58,31,21,9,2,11,47.93%,25.62%,17.36%,7.44%,1.65%,9.09%,.,,,,,,,,,,,.,,,,,,,,,,
402,Benjamin Banneker High School,ALL,414,0,5,27,198,184,382,0.00%,1.21%,6.52%,47.83%,44.44%,92.27%,381,11,32,106,197,35,232,2.89%,8.40%,27.82%,51.71%,9.19%,60.89%,.,,,,,,,,,,,.,,,,,,,,,,
402,Benjamin Banneker High School,HS,414,0,5,27,198,184,382,0.00%,1.21%,6.52%,47.83%,44.44%,92.27%,381,11,32,106,197,35,232,2.89%,8.40%,27.82%,51.71%,9.19%,60.89%,.,,,,,,,,,,,.,,,,,,,,,,
404,Browne Education Campus,03,39,16,11,7,5,0,5,41.03%,28.21%,17.95%,12.82%,0.00%,12.82%,39,15,11,6,7,0,7,38.46%,28.21%,15.38%,17.95%,0.00%,17.95%,n < 10,,,,,,,,,,,n < 10,,,,,,,,,,
404,Browne Education Campus,04,36,17,7,4,7,1,8,47.22%,19.44%,11.11%,19.44%,2.78%,22.22%,36,16,9,5,6,0,6,44.44%,25.00%,13.89%,16.67%,0.00%,16.67%,.,,,,,,,,,,,.,,,,,,,,,,
404,Browne Education Campus,05,44,15,7,15,7,0,7,34.09%,15.91%,34.09%,15.91%,0.00%,15.91%,44,6,11,19,8,0,8,13.64%,25.00%,43.18%,18.18%,0.00%,18.18%,n < 10,,,,,,,,,,,n < 10,,,,,,,,,,
404,Browne Education Campus,06,43,21,9,7,6,0,6,48.84%,20.93%,16.28%,13.95%,0.00%,13.95%,43,16,19,6,2,0,2,37.21%,44.19%,13.95%,4.65%,0.00%,4.65%,.,,,,,,,,,,,.,,,,,,,,,,
404,Browne Education Campus,07,41,12,9,12,5,3,8,29.27%,21.95%,29.27%,12.20%,7.32%,19.51%,41,10,12,15,4,0,4,24.39%,29.27%,36.59%,9.76%,0.00%,9.76%,.,,,,,,,,,,,.,,,,,,,,,,
404,Browne Education Campus,08,37,5,13,13,5,1,6,13.51%,35.14%,35.14%,13.51%,2.70%,16.22%,37,16,15,6,0,0,0,43.24%,40.54%,16.22%,0.00%,0.00%,0.00%,.,,,,,,,,,,,.,,,,,,,,,,
404,Browne Education Campus,ALL,240,86,56,58,35,5,40,35.83%,23.33%,24.17%,14.58%,2.08%,16.67%,240,79,77,57,27,0,27,32.92%,32.08%,23.75%,11.25%,0.00%,11.25%,n < 10,,,,,,,,,,,n < 10,,,,,,,,,,
405,Deal Middle School,06,460,11,28,43,153,225,378,2.39%,6.09%,9.35%,33.26%,48.91%,82.17%,461,14,27,63,196,161,357,3.04%,5.86%,13.67%,42.52%,34.92%,77.44%,.,,,,,,,,,,,.,,,,,,,,,,
405,Deal Middle School,07,490,24,23,46,106,291,397,4.90%,4.69%,9.39%,21.63%,59.39%,81.02%,491,17,38,85,203,148,351,3.46%,7.74%,17.31%,41.34%,30.14%,71.49%,.,,,,,,,,,,,.,,,,,,,,,,
405,Deal Middle School,08,447,22,20,43,164,198,362,4.92%,4.47%,9.62%,36.69%,44.30%,80.98%,450,36,38,88,213,75,288,8.00%,8.44%,19.56%,47.33%,16.67%,64.00%,.,,,,,,,,,,,.,,,,,,,,,,
405,Deal Middle School,ALL,1397,57,71,132,423,714,1137,4.08%,5.08%,9.45%,30.28%,51.11%,81.39%,1402,67,103,236,612,384,996,4.78%,7.35%,16.83%,43.65%,27.39%,71.04%,.,,,,,,,,,,,.,,,,,,,,,,
407,Eliot-Hine Middle School,06,158,31,23,35,49,20,69,19.62%,14.56%,22.15%,31.01%,12.66%,43.67%,158,46,38,34,34,6,40,29.11%,24.05%,21.52%,21.52%,3.80%,25.32%,n < 10,,,,,,,,,,,n < 10,,,,,,,,,,
407,Eliot-Hine Middle School,07,145,36,34,25,18,32,50,24.83%,23.45%,17.24%,12.41%,22.07%,34.48%,145,49,41,25,28,2,30,33.79%,28.28%,17.24%,19.31%,1.38%,20.69%,n < 10,,,,,,,,,,,n < 10,,,,,,,,,,
407,Eliot-Hine Middle School,08,105,21,17,24,26,17,43,20.00%,16.19%,22.86%,24.76%,16.19%,40.95%,108,42,42,9,14,1,15,38.89%,38.89%,8.33%,12.96%,0.93%,13.89%,n < 10,,,,,,,,,,,n < 10,,,,,,,,,,
407,Eliot-Hine Middle School,ALL,408,88,74,84,93,69,162,21.57%,18.14%,20.59%,22.79%,16.91%,39.71%,411,137,121,68,76,9,85,33.33%,29.44%,16.55%,18.49%,2.19%,20.68%,13,6,2,4,1,5,46.15%,15.38%,30.77%,7.69%,38.46%,13,3,4,4,2,6,23.08%,30.77%,30.77%,15.38%,46.15%
409,John Francis Education Campus,03,34,9,6,3,14,2,16,26.47%,17.65%,8.82%,41.18%,5.88%,47.06%,34,10,7,5,9,3,12,29.41%,20.59%,14.71%,26.47%,8.82%,35.29%,n < 10,,,,,,,,,,,n < 10,,,,,,,,,,
409,John Francis Education Campus,04,36,4,7,5,12,8,20,11.11%,19.44%,13.89%,33.33%,22.22%,55.56%,36,3,7,9,14,3,17,8.33%,19.44%,25.00%,38.89%,8.33%,47.22%,.,,,,,,,,,,,.,,,,,,,,,,
409,John Francis Education Campus,05,34,7,6,5,14,2,16,20.59%,17.65%,14.71%,41.18%,5.88%,47.06%,34,0,6,8,15,5,20,0.00%,17.65%,23.53%,44.12%,14.71%,58.82%,.,,,,,,,,,,,.,,,,,,,,,,
409,John Francis Education Campus,06,93,12,20,22,34,5,39,12.90%,21.51%,23.66%,36.56%,5.38%,41.94%,93,15,21,29,25,3,28,16.13%,22.58%,31.18%,26.88%,3.23%,30.11%,n < 10,,,,,,,,,,,n < 10,,,,,,,,,,
409,John Francis Education Campus,07,76,10,7,16,28,15,43,13.16%,9.21%,21.05%,36.84%,19.74%,56.58%,76,4,23,26,19,4,23,5.26%,30.26%,34.21%,25.00%,5.26%,30.26%,n < 10,,,,,,,,,,,n < 10,,,,,,,,,,
409,John Francis Education Campus,08,75,8,8,18,25,16,41,10.67%,10.67%,24.00%,33.33%,21.33%,54.67%,75,18,17,17,19,4,23,24.00%,22.67%,22.67%,25.33%,5.33%,30.67%,n < 10,,,,,,,,,,,n < 10,,,,,,,,,,
409,John Francis Education Campus,ALL,348,50,54,69,127,48,175,14.37%,15.52%,19.83%,36.49%,13.79%,50.29%,348,50,81,94,101,22,123,14.37%,23.28%,27.01%,29.02%,6.32%,35.34%,13,6,4,3,0,3,46.15%,30.77%,23.08%,0.00%,23.08%,13,6,1,5,1,6,46.15%,7.69%,38.46%,7.69%,46.15%
413,Hart Middle School,06,109,21,35,30,23,0,23,19.27%,32.11%,27.52%,21.10%,0.00%,21.10%,107,36,40,13,17,1,18,33.64%,37.38%,12.15%,15.89%,0.93%,16.82%,n < 10,,,,,,,,,,,n < 10,,,,,,,,,,
413,Hart Middle School,07,115,42,27,25,17,4,21,36.52%,23.48%,21.74%,14.78%,3.48%,18.26%,114,38,47,26,3,0,3,33.33%,41.23%,22.81%,2.63%,0.00%,2.63%,.,,,,,,,,,,,.,,,,,,,,,,
413,Hart Middle School,08,123,40,33,26,23,1,24,32.52%,26.83%,21.14%,18.70%,0.81%,19.51%,123,46,56,14,7,0,7,37.40%,45.53%,11.38%,5.69%,0.00%,5.69%,n < 10,,,,,,,,,,,n < 10,,,,,,,,,,
413,Hart Middle School,ALL,347,103,95,81,63,5,68,29.68%,27.38%,23.34%,18.16%,1.44%,19.60%,344,120,143,53,27,1,28,34.88%,41.57%,15.41%,7.85%,0.29%,8.14%,n < 10,,,,,,,,,,,n < 10,,,,,,,,,,
416,Johnson Middle School,06,77,26,18,22,10,1,11,33.77%,23.38%,28.57%,12.99%,1.30%,14.29%,77,38,26,12,1,0,1,49.35%,33.77%,15.58%,1.30%,0.00%,1.30%,n < 10,,,,,,,,,,,n < 10,,,,,,,,,,
416,Johnson Middle School,07,81,26,29,17,7,2,9,32.10%,35.80%,20.99%,8.64%,2.47%,11.11%,78,29,32,15,2,0,2,37.18%,41.03%,19.23%,2.56%,0.00%,2.56%,n < 10,,,,,,,,,,,n < 10,,,,,,,,,,
416,Johnson Middle School,08,91,26,31,21,11,2,13,28.57%,34.07%,23.08%,12.09%,2.20%,14.29%,88,57,23,8,0,0,0,64.77%,26.14%,9.09%,0.00%,0.00%,0.00%,n < 10,,,,,,,,,,,n < 10,,,,,,,,,,
416,Johnson Middle School,ALL,249,78,78,60,28,5,33,31.33%,31.33%,24.10%,11.24%,2.01%,13.25%,243,124,81,35,3,0,3,51.03%,33.33%,14.40%,1.23%,0.00%,1.23%,17,1,7,9,0,9,5.88%,41.18%,52.94%,0.00%,52.94%,17,2,3,10,2,12,11.76%,17.65%,58.82%,11.76%,70.59%
417,Kramer Middle School,06,65,31,11,16,7,0,7,47.69%,16.92%,24.62%,10.77%,0.00%,10.77%,52,32,14,5,1,0,1,61.54%,26.92%,9.62%,1.92%,0.00%,1.92%,.,,,,,,,,,,,.,,,,,,,,,,
417,Kramer Middle School,07,64,20,22,14,6,2,8,31.25%,34.38%,21.88%,9.38%,3.13%,12.50%,50,18,22,8,2,0,2,36.00%,44.00%,16.00%,4.00%,0.00%,4.00%,n < 10,,,,,,,,,,,n < 10,,,,,,,,,,
417,Kramer Middle School,08,48,19,14,7,8,0,8,39.58%,29.17%,14.58%,16.67%,0.00%,16.67%,43,26,12,4,1,0,1,60.47%,27.91%,9.30%,2.33%,0.00%,2.33%,.,,,,,,,,,,,.,,,,,,,,,,
417,Kramer Middle School,ALL,177,70,47,37,21,2,23,39.55%,26.55%,20.90%,11.86%,1.13%,12.99%,145,76,48,17,4,0,4,52.41%,33.10%,11.72%,2.76%,0.00%,2.76%,n < 10,,,,,,,,,,,n < 10,,,,,,,,,,
420,MacFarland Middle School,06,145,43,29,38,29,6,35,29.66%,20.00%,26.21%,20.00%,4.14%,24.14%,143,50,37,32,20,4,24,34.97%,25.87%,22.38%,13.99%,2.80%,16.78%,.,,,,,,,,,,,.,,,,,,,,,,
420,MacFarland Middle School,07,130,21,30,32,30,17,47,16.15%,23.08%,24.62%,23.08%,13.08%,36.15%,129,14,52,40,17,6,23,10.85%,40.31%,31.01%,13.18%,4.65%,17.83%,.,,,,,,,,,,,.,,,,,,,,,,
420,MacFarland Middle School,08,157,31,37,30,47,12,59,19.75%,23.57%,19.11%,29.94%,7.64%,37.58%,152,35,28,23,59,7,66,23.03%,18.42%,15.13%,38.82%,4.61%,43.42%,.,,,,,,,,,,,.,,,,,,,,,,
420,MacFarland Middle School,ALL,432,95,96,100,106,35,141,21.99%,22.22%,23.15%,24.54%,8.10%,32.64%,424,99,117,95,96,17,113,23.35%,27.59%,22.41%,22.64%,4.01%,26.65%,.,,,,,,,,,,,.,,,,,,,,,,
421,Kelly Miller Middle School,06,101,35,31,26,9,0,9,34.65%,30.69%,25.74%,8.91%,0.00%,8.91%,82,51,15,12,4,0,4,62.20%,18.29%,14.63%,4.88%,0.00%,4.88%,.,,,,,,,,,,,.,,,,,,,,,,
421,Kelly Miller Middle School,07,87,30,28,14,14,1,15,34.48%,32.18%,16.09%,16.09%,1.15%,17.24%,76,27,25,18,6,0,6,35.53%,32.89%,23.68%,7.89%,0.00%,7.89%,.,,,,,,,,,,,.,,,,,,,,,,
421,Kelly Miller Middle School,08,96,24,24,24,22,2,24,25.00%,25.00%,25.00%,22.92%,2.08%,25.00%,79,38,26,9,6,0,6,48.10%,32.91%,11.39%,7.59%,0.00%,7.59%,.,,,,,,,,,,,.,,,,,,,,,,
421,Kelly Miller Middle School,ALL,284,89,83,64,45,3,48,31.34%,29.23%,22.54%,15.85%,1.06%,16.90%,237,116,66,39,16,0,16,48.95%,27.85%,16.46%,6.75%,0.00%,6.75%,.,,,,,,,,,,,.,,,,,,,,,,
427,Sousa Middle School,06,62,20,15,15,12,0,12,32.26%,24.19%,24.19%,19.35%,0.00%,19.35%,65,29,16,13,7,0,7,44.62%,24.62%,20.00%,10.77%,0.00%,10.77%,n < 10,,,,,,,,,,,n < 10,,,,,,,,,,
427,Sousa Middle School,07,53,26,16,5,6,0,6,49.06%,30.19%,9.43%,11.32%,0.00%,11.32%,55,24,22,5,3,1,4,43.64%,40.00%,9.09%,5.45%,1.82%,7.27%,n < 10,,,,,,,,,,,n < 10,,,,,,,,,,
427,Sousa Middle School,08,72,32,19,12,9,0,9,44.44%,26.39%,16.67%,12.50%,0.00%,12.50%,71,34,22,12,3,0,3,47.89%,30.99%,16.90%,4.23%,0.00%,4.23%,n < 10,,,,,,,,,,,n < 10,,,,,,,,,,
427,Sousa Middle School,ALL,187,78,50,32,27,0,27,41.71%,26.74%,17.11%,14.44%,0.00%,14.44%,191,87,60,30,13,1,14,45.55%,31.41%,15.71%,6.81%,0.52%,7.33%,20,8,5,7,0,7,40.00%,25.00%,35.00%,0.00%,35.00%,20,5,6,9,0,9,25.00%,30.00%,45.00%,0.00%,45.00%
428,Stuart-Hobson Middle School (Capitol Hill Cluster),06,159,10,27,35,61,26,87,6.29%,16.98%,22.01%,38.36%,16.35%,54.72%,157,28,39,40,45,5,50,17.83%,24.84%,25.48%,28.66%,3.18%,31.85%,n < 10,,,,,,,,,,,n < 10,,,,,,,,,,
428,Stuart-Hobson Middle School (Capitol Hill Cluster),07,140,8,18,23,56,35,91,5.71%,12.86%,16.43%,40.00%,25.00%,65.00%,139,10,36,47,39,7,46,7.19%,25.90%,33.81%,28.06%,5.04%,33.09%,n < 10,,,,,,,,,,,n < 10,,,,,,,,,,
428,Stuart-Hobson Middle School (Capitol Hill Cluster),08,132,8,14,27,60,23,83,6.06%,10.61%,20.45%,45.45%,17.42%,62.88%,131,35,32,24,33,7,40,26.72%,24.43%,18.32%,25.19%,5.34%,30.53%,n < 10,,,,,,,,,,,n < 10,,,,,,,,,,
428,Stuart-Hobson Middle School (Capitol Hill Cluster),ALL,431,26,59,85,177,84,261,6.03%,13.69%,19.72%,41.07%,19.49%,60.56%,427,73,107,111,117,19,136,17.10%,25.06%,26.00%,27.40%,4.45%,31.85%,10,5,2,3,0,3,50.00%,20.00%,30.00%,0.00%,30.00%,10,6,1,3,0,3,60.00%,10.00%,30.00%,0.00%,30.00%
433,Jefferson Middle School Academy,06,119,31,28,29,26,5,31,26.05%,23.53%,24.37%,21.85%,4.20%,26.05%,116,51,32,15,13,5,18,43.97%,27.59%,12.93%,11.21%,4.31%,15.52%,.,,,,,,,,,,,.,,,,,,,,,,
433,Jefferson Middle School Academy,07,122,27,23,36,28,8,36,22.13%,18.85%,29.51%,22.95%,6.56%,29.51%,122,33,50,22,17,0,17,27.05%,40.98%,18.03%,13.93%,0.00%,13.93%,.,,,,,,,,,,,.,,,,,,,,,,
433,Jefferson Middle School Academy,08,124,26,34,36,23,5,28,20.97%,27.42%,29.03%,18.55%,4.03%,22.58%,127,59,37,18,13,0,13,46.46%,29.13%,14.17%,10.24%,0.00%,10.24%,.,,,,,,,,,,,.,,,,,,,,,,
433,Jefferson Middle School Academy,ALL,365,84,85,101,77,18,95,23.01%,23.29%,27.67%,21.10%,4.93%,26.03%,365,143,119,55,43,5,48,39.18%,32.60%,15.07%,11.78%,1.37%,13.15%,.,,,,,,,,,,,.,,,,,,,,,,
435,McKinley Middle School,06,90,24,24,20,18,4,22,26.67%,26.67%,22.22%,20.00%,4.44%,24.44%,86,45,17,16,7,1,8,52.33%,19.77%,18.60%,8.14%,1.16%,9.30%,.,,,,,,,,,,,.,,,,,,,,,,
435,McKinley Middle School,07,93,26,23,18,19,7,26,27.96%,24.73%,19.35%,20.43%,7.53%,27.96%,90,24,41,18,6,1,7,26.67%,45.56%,20.00%,6.67%,1.11%,7.78%,.,,,,,,,,,,,.,,,,,,,,,,
435,McKinley Middle School,08,75,17,14,14,29,1,30,22.67%,18.67%,18.67%,38.67%,1.33%,40.00%,75,35,24,12,4,0,4,46.67%,32.00%,16.00%,5.33%,0.00%,5.33%,.,,,,,,,,,,,.,,,,,,,,,,
435,McKinley Middle School,ALL,258,67,61,52,66,12,78,25.97%,23.64%,20.16%,25.58%,4.65%,30.23%,251,104,82,46,17,2,19,41.43%,32.67%,18.33%,6.77%,0.80%,7.57%,.,,,,,,,,,,,.,,,,,,,,,,
436,Ron Brown College Preparatory High School,ALL,96,45,20,16,13,2,15,46.88%,20.83%,16.67%,13.54%,2.08%,15.63%,97,34,31,19,13,0,13,35.05%,31.96%,19.59%,13.40%,0.00%,13.40%,.,,,,,,,,,,,.,,,,,,,,,,
436,Ron Brown College Preparatory High School,HS,96,45,20,16,13,2,15,46.88%,20.83%,16.67%,13.54%,2.08%,15.63%,97,34,31,19,13,0,13,35.05%,31.96%,19.59%,13.40%,0.00%,13.40%,.,,,,,,,,,,,.,,,,,,,,,,
442,Columbia Heights Education Campus,06,152,25,38,41,42,6,48,16.45%,25.00%,26.97%,27.63%,3.95%,31.58%,154,28,32,49,44,1,45,18.18%,20.78%,31.82%,28.57%,0.65%,29.22%,n < 10,,,,,,,,,,,n < 10,,,,,,,,,,
442,Columbia Heights Education Campus,07,161,33,28,41,46,13,59,20.50%,17.39%,25.47%,28.57%,8.07%,36.65%,160,22,58,60,18,2,20,13.75%,36.25%,37.50%,11.25%,1.25%,12.50%,n < 10,,,,,,,,,,,n < 10,,,,,,,,,,
442,Columbia Heights Education Campus,08,181,52,29,40,47,13,60,28.73%,16.02%,22.10%,25.97%,7.18%,33.15%,174,55,78,24,17,0,17,31.61%,44.83%,13.79%,9.77%,0.00%,9.77%,n < 10,,,,,,,,,,,n < 10,,,,,,,,,,
442,Columbia Heights Education Campus,ALL,951,223,187,228,255,58,313,23.45%,19.66%,23.97%,26.81%,6.10%,32.91%,879,236,347,199,94,3,97,26.85%,39.48%,22.64%,10.69%,0.34%,11.04%,n < 10,,,,,,,,,,,n < 10,,,,,,,,,,
442,Columbia Heights Education Campus,HS,457,113,92,106,120,26,146,24.73%,20.13%,23.19%,26.26%,5.69%,31.95%,391,131,179,66,15,0,15,33.50%,45.78%,16.88%,3.84%,0.00%,3.84%,.,,,,,,,,,,,.,,,,,,,,,,
450,Anacostia High School,ALL,87,45,22,15,5,0,5,51.72%,25.29%,17.24%,5.75%,0.00%,5.75%,73,30,36,6,1,0,1,41.10%,49.32%,8.22%,1.37%,0.00%,1.37%,.,,,,,,,,,,,.,,,,,,,,,,
450,Anacostia High School,HS,87,45,22,15,5,0,5,51.72%,25.29%,17.24%,5.75%,0.00%,5.75%,73,30,36,6,1,0,1,41.10%,49.32%,8.22%,1.37%,0.00%,1.37%,.,,,,,,,,,,,.,,,,,,,,,,
452,Ballou High School,ALL,257,124,61,36,32,4,36,48.25%,23.74%,14.01%,12.45%,1.56%,14.01%,238,101,117,18,2,0,2,42.44%,49.16%,7.56%,0.84%,0.00%,0.84%,.,,,,,,,,,,,.,,,,,,,,,,
452,Ballou High School,HS,257,124,61,36,32,4,36,48.25%,23.74%,14.01%,12.45%,1.56%,14.01%,238,101,117,18,2,0,2,42.44%,49.16%,7.56%,0.84%,0.00%,0.84%,.,,,,,,,,,,,.,,,,,,,,,,
454,Cardozo Education Campus,06,28,11,12,4,1,0,1,39.29%,42.86%,14.29%,3.57%,0.00%,3.57%,28,17,10,1,0,0,0,60.71%,35.71%,3.57%,0.00%,0.00%,0.00%,n < 10,,,,,,,,,,,n < 10,,,,,,,,,,
454,Cardozo Education Campus,07,59,18,14,16,10,1,11,30.51%,23.73%,27.12%,16.95%,1.69%,18.64%,59,21,25,11,1,1,2,35.59%,42.37%,18.64%,1.69%,1.69%,3.39%,.,,,,,,,,,,,.,,,,,,,,,,
454,Cardozo Education Campus,08,44,14,14,11,5,0,5,31.82%,31.82%,25.00%,11.36%,0.00%,11.36%,43,26,13,4,0,0,0,60.47%,30.23%,9.30%,0.00%,0.00%,0.00%,n < 10,,,,,,,,,,,n < 10,,,,,,,,,,
454,Cardozo Education Campus,ALL,357,155,86,64,44,8,52,43.42%,24.09%,17.93%,12.32%,2.24%,14.57%,327,139,139,44,4,1,5,42.51%,42.51%,13.46%,1.22%,0.31%,1.53%,n < 10,,,,,,,,,,,n < 10,,,,,,,,,,
454,Cardozo Education Campus,HS,226,112,46,33,28,7,35,49.56%,20.35%,14.60%,12.39%,3.10%,15.49%,197,75,91,28,3,0,3,38.07%,46.19%,14.21%,1.52%,0.00%,1.52%,n < 10,,,,,,,,,,,n < 10,,,,,,,,,,
455,Coolidge High School,ALL,338,99,87,75,70,7,77,29.29%,25.74%,22.19%,20.71%,2.07%,22.78%,332,89,149,69,24,1,25,26.81%,44.88%,20.78%,7.23%,0.30%,7.53%,n < 10,,,,,,,,,,,n < 10,,,,,,,,,,
455,Coolidge High School,HS,338,99,87,75,70,7,77,29.29%,25.74%,22.19%,20.71%,2.07%,22.78%,332,89,149,69,24,1,25,26.81%,44.88%,20.78%,7.23%,0.30%,7.53%,n < 10,,,,,,,,,,,n < 10,,,,,,,,,,
456,Garnet-Patterson STAY High School,ALL,14,11,1,0,1,1,2,78.57%,7.14%,0.00%,7.14%,7.14%,14.29%,19,10,8,1,0,0,0,52.63%,42.11%,5.26%,0.00%,0.00%,0.00%,.,,,,,,,,,,,.,,,,,,,,,,
456,Garnet-Patterson STAY High School,HS,14,11,1,0,1,1,2,78.57%,7.14%,0.00%,7.14%,7.14%,14.29%,19,10,8,1,0,0,0,52.63%,42.11%,5.26%,0.00%,0.00%,0.00%,.,,,,,,,,,,,.,,,,,,,,,,
457,Eastern High School,ALL,253,82,50,61,55,5,60,32.41%,19.76%,24.11%,21.74%,1.98%,23.72%,196,76,82,33,5,0,5,38.78%,41.84%,16.84%,2.55%,0.00%,2.55%,n < 10,,,,,,,,,,,n < 10,,,,,,,,,,
457,Eastern High School,HS,253,82,50,61,55,5,60,32.41%,19.76%,24.11%,21.74%,1.98%,23.72%,196,76,82,33,5,0,5,38.78%,41.84%,16.84%,2.55%,0.00%,2.55%,n < 10,,,,,,,,,,,n < 10,,,,,,,,,,
458,McKinley Technology High School,ALL,375,11,22,62,209,71,280,2.93%,5.87%,16.53%,55.73%,18.93%,74.67%,300,33,82,105,77,3,80,11.00%,27.33%,35.00%,25.67%,1.00%,26.67%,.,,,,,,,,,,,.,,,,,,,,,,
458,McKinley Technology High School,HS,375,11,22,62,209,71,280,2.93%,5.87%,16.53%,55.73%,18.93%,74.67%,300,33,82,105,77,3,80,11.00%,27.33%,35.00%,25.67%,1.00%,26.67%,.,,,,,,,,,,,.,,,,,,,,,,
459,Roosevelt High School,ALL,284,102,63,58,52,9,61,35.92%,22.18%,20.42%,18.31%,3.17%,21.48%,269,93,133,38,5,0,5,34.57%,49.44%,14.13%,1.86%,0.00%,1.86%,n < 10,,,,,,,,,,,n < 10,,,,,,,,,,
459,Roosevelt High School,HS,284,102,63,58,52,9,61,35.92%,22.18%,20.42%,18.31%,3.17%,21.48%,269,93,133,38,5,0,5,34.57%,49.44%,14.13%,1.86%,0.00%,1.86%,n < 10,,,,,,,,,,,n < 10,,,,,,,,,,
462,Ballou STAY High School,ALL,11,7,4,0,0,0,0,63.64%,36.36%,0.00%,0.00%,0.00%,0.00%,18,7,8,3,0,0,0,38.89%,44.44%,16.67%,0.00%,0.00%,0.00%,.,,,,,,,,,,,.,,,,,,,,,,
462,Ballou STAY High School,HS,11,7,4,0,0,0,0,63.64%,36.36%,0.00%,0.00%,0.00%,0.00%,18,7,8,3,0,0,0,38.89%,44.44%,16.67%,0.00%,0.00%,0.00%,.,,,,,,,,,,,.,,,,,,,,,,
463,Jackson-Reed High School,ALL,761,87,46,96,294,238,532,11.43%,6.04%,12.61%,38.63%,31.27%,69.91%,551,81,124,147,180,19,199,14.70%,22.50%,26.68%,32.67%,3.45%,36.12%,n < 10,,,,,,,,,,,n < 10,,,,,,,,,,
463,Jackson-Reed High School,HS,761,87,46,96,294,238,532,11.43%,6.04%,12.61%,38.63%,31.27%,69.91%,551,81,124,147,180,19,199,14.70%,22.50%,26.68%,32.67%,3.45%,36.12%,n < 10,,,,,,,,,,,n < 10,,,,,,,,,,
464,H.D. Woodson High School,ALL,224,54,56,62,47,5,52,24.11%,25.00%,27.68%,20.98%,2.23%,23.21%,205,81,88,31,5,0,5,39.51%,42.93%,15.12%,2.44%,0.00%,2.44%,n < 10,,,,,,,,,,,n < 10,,,,,,,,,,
464,H.D. Woodson High School,HS,224,54,56,62,47,5,52,24.11%,25.00%,27.68%,20.98%,2.23%,23.21%,205,81,88,31,5,0,5,39.51%,42.93%,15.12%,2.44%,0.00%,2.44%,n < 10,,,,,,,,,,,n < 10,,,,,,,,,,
466,School Without Walls High School,ALL,299,0,0,2,69,228,297,0.00%,0.00%,0.67%,23.08%,76.25%,99.33%,158,4,2,33,102,17,119,2.53%,1.27%,20.89%,64.56%,10.76%,75.32%,.,,,,,,,,,,,.,,,,,,,,,,
466,School Without Walls High School,HS,299,0,0,2,69,228,297,0.00%,0.00%,0.67%,23.08%,76.25%,99.33%,158,4,2,33,102,17,119,2.53%,1.27%,20.89%,64.56%,10.76%,75.32%,.,,,,,,,,,,,.,,,,,,,,,,
467,Dunbar High School,ALL,355,146,88,80,36,5,41,41.13%,24.79%,22.54%,10.14%,1.41%,11.55%,340,150,136,46,8,0,8,44.12%,40.00%,13.53%,2.35%,0.00%,2.35%,n < 10,,,,,,,,,,,n < 10,,,,,,,,,,
467,Dunbar High School,HS,355,146,88,80,36,5,41,41.13%,24.79%,22.54%,10.14%,1.41%,11.55%,340,150,136,46,8,0,8,44.12%,40.00%,13.53%,2.35%,0.00%,2.35%,n < 10,,,,,,,,,,,n < 10,,,,,,,,,,
471,Duke Ellington School of the Arts,ALL,306,32,42,58,124,50,174,10.46%,13.73%,18.95%,40.52%,16.34%,56.86%,243,53,94,57,33,6,39,21.81%,38.68%,23.46%,13.58%,2.47%,16.05%,.,,,,,,,,,,,.,,,,,,,,,,
471,Duke Ellington School of the Arts,HS,306,32,42,58,124,50,174,10.46%,13.73%,18.95%,40.52%,16.34%,56.86%,243,53,94,57,33,6,39,21.81%,38.68%,23.46%,13.58%,2.47%,16.05%,.,,,,,,,,,,,.,,,,,,,,,,
478,"Phelps Architecture, Construction and Engineering High School",ALL,203,30,37,60,56,20,76,14.78%,18.23%,29.56%,27.59%,9.85%,37.44%,173,52,73,28,19,1,20,30.06%,42.20%,16.18%,10.98%,0.58%,11.56%,.,,,,,,,,,,,.,,,,,,,,,,
478,"Phelps Architecture, Construction and Engineering High School",HS,203,30,37,60,56,20,76,14.78%,18.23%,29.56%,27.59%,9.85%,37.44%,173,52,73,28,19,1,20,30.06%,42.20%,16.18%,10.98%,0.58%,11.56%,.,,,,,,,,,,,.,,,,,,,,,,
884,Luke C. Moore High School,ALL,19,10,3,6,0,0,0,52.63%,15.79%,31.58%,0.00%,0.00%,0.00%,20,12,7,1,0,0,0,60.00%,35.00%,5.00%,0.00%,0.00%,0.00%,.,,,,,,,,,,,.,,,,,,,,,,
884,Luke C. Moore High School,HS,19,10,3,6,0,0,0,52.63%,15.79%,31.58%,0.00%,0.00%,0.00%,20,12,7,1,0,0,0,60.00%,35.00%,5.00%,0.00%,0.00%,0.00%,.,,,,,,,,,,,.,,,,,,,,,,
943,School-Within-School @ Goding,03,45,1,1,10,24,9,33,2.22%,2.22%,22.22%,53.33%,20.00%,73.33%,45,1,0,6,27,11,38,2.22%,0.00%,13.33%,60.00%,24.44%,84.44%,n < 10,,,,,,,,,,,n < 10,,,,,,,,,,
943,School-Within-School @ Goding,04,43,1,1,8,14,19,33,2.33%,2.33%,18.60%,32.56%,44.19%,76.74%,43,1,5,6,21,10,31,2.33%,11.63%,13.95%,48.84%,23.26%,72.09%,.,,,,,,,,,,,.,,,,,,,,,,
943,School-Within-School @ Goding,05,18,1,1,2,12,2,14,5.56%,5.56%,11.11%,66.67%,11.11%,77.78%,18,0,3,3,9,3,12,0.00%,16.67%,16.67%,50.00%,16.67%,66.67%,.,,,,,,,,,,,.,,,,,,,,,,
943,School-Within-School @ Goding,ALL,106,3,3,20,50,30,80,2.83%,2.83%,18.87%,47.17%,28.30%,75.47%,106,2,8,15,57,24,81,1.89%,7.55%,14.15%,53.77%,22.64%,76.42%,n < 10,,,,,,,,,,,n < 10,,,,,,,,,,
1058,Bard High School Early College DC (Bard DC),ALL,126,13,24,39,45,5,50,10.32%,19.05%,30.95%,35.71%,3.97%,39.68%,104,22,51,21,10,0,10,21.15%,49.04%,20.19%,9.62%,0.00%,9.62%,.,,,,,,,,,,,.,,,,,,,,,,
1058,Bard High School Early College DC (Bard DC),HS,126,13,24,39,45,5,50,10.32%,19.05%,30.95%,35.71%,3.97%,39.68%,104,22,51,21,10,0,10,21.15%,49.04%,20.19%,9.62%,0.00%,9.62%,.,,,,,,,,,,,.,,,,,,,,,,
1071,Ida B. Wells Middle School,06,144,26,26,32,51,9,60,18.06%,18.06%,22.22%,35.42%,6.25%,41.67%,143,53,28,34,26,2,28,37.06%,19.58%,23.78%,18.18%,1.40%,19.58%,11,9,2,0,0,0,81.82%,18.18%,0.00%,0.00%,0.00%,11,8,0,2,1,3,72.73%,0.00%,18.18%,9.09%,27.27%
1071,Ida B. Wells Middle School,07,155,28,36,31,45,15,60,18.06%,23.23%,20.00%,29.03%,9.68%,38.71%,151,38,41,47,23,2,25,25.17%,27.15%,31.13%,15.23%,1.32%,16.56%,n < 10,,,,,,,,,,,n < 10,,,,,,,,,,
1071,Ida B. Wells Middle School,08,152,33,27,44,45,3,48,21.71%,17.76%,28.95%,29.61%,1.97%,31.58%,148,67,43,22,14,2,16,45.27%,29.05%,14.86%,9.46%,1.35%,10.81%,n < 10,,,,,,,,,,,n < 10,,,,,,,,,,
1071,Ida B. Wells Middle School,ALL,451,87,89,107,141,27,168,19.29%,19.73%,23.73%,31.26%,5.99%,37.25%,442,158,112,103,63,6,69,35.75%,25.34%,23.30%,14.25%,1.36%,15.61%,25,18,3,4,0,4,72.00%,12.00%,16.00%,0.00%,16.00%,25,15,2,7,1,8,60.00%,8.00%,28.00%,4.00%,32.00%
1294,MacArthur High School,ALL,269,86,44,54,70,15,85,31.97%,16.36%,20.07%,26.02%,5.58%,31.60%,230,56,91,57,25,1,26,24.35%,39.57%,24.78%,10.87%,0.43%,11.30%,.,,,,,,,,,,,.,,,,,,,,,,
1294,MacArthur High School,HS,269,86,44,54,70,15,85,31.97%,16.36%,20.07%,26.02%,5.58%,31.60%,230,56,91,57,25,1,26,24.35%,39.57%,24.78%,10.87%,0.43%,11.30%,.,,,,,,,,,,,.,,,,,,,,,,
DCPS,DC Public Schools,03,3881,1188,623,671,1175,224,1399,30.61%,16.05%,17.29%,30.28%,5.77%,36.05%,3875,833,731,769,1061,481,1542,21.50%,18.86%,19.85%,27.38%,12.41%,39.79%,46,15,7,18,6,24,32.61%,15.22%,39.13%,13.04%,52.17%,45,11,9,16,9,25,24.44%,20.00%,35.56%,20.00%,55.56%
DCPS,DC Public Schools,04,3698,759,598,664,982,695,1677,20.52%,16.17%,17.96%,26.55%,18.79%,45.35%,3686,719,808,807,997,355,1352,19.51%,21.92%,21.89%,27.05%,9.63%,36.68%,52,19,9,18,6,24,36.54%,17.31%,34.62%,11.54%,46.15%,52,11,10,22,9,31,21.15%,19.23%,42.31%,17.31%,59.62%
DCPS,DC Public Schools,05,3367,791,578,660,1032,306,1338,23.49%,17.17%,19.60%,30.65%,9.09%,39.74%,3361,668,866,678,806,343,1149,19.88%,25.77%,20.17%,23.98%,10.21%,34.19%,60,22,13,14,11,25,36.67%,21.67%,23.33%,18.33%,41.67%,59,13,17,19,10,29,22.03%,28.81%,32.20%,16.95%,49.15%
DCPS,DC Public Schools,06,2628,465,468,538,727,430,1157,17.69%,17.81%,20.47%,27.66%,16.36%,44.03%,2584,698,545,507,593,241,834,27.01%,21.09%,19.62%,22.95%,9.33%,32.28%,57,22,16,18,1,19,38.60%,28.07%,31.58%,1.75%,33.33%,57,18,11,26,2,28,31.58%,19.30%,45.61%,3.51%,49.12%
DCPS,DC Public Schools,07,2603,482,453,477,615,576,1191,18.52%,17.40%,18.33%,23.63%,22.13%,45.75%,2565,457,716,645,546,201,747,17.82%,27.91%,25.15%,21.29%,7.84%,29.12%,47,21,9,15,2,17,44.68%,19.15%,31.91%,4.26%,36.17%,47,22,10,11,4,15,46.81%,21.28%,23.40%,8.51%,31.91%
DCPS,DC Public Schools,08,2528,469,440,507,735,377,1112,18.55%,17.41%,20.06%,29.07%,14.91%,43.99%,2489,806,648,382,537,116,653,32.38%,26.03%,15.35%,21.57%,4.66%,26.24%,38,18,7,13,0,13,47.37%,18.42%,34.21%,0.00%,34.21%,38,13,5,15,5,20,34.21%,13.16%,39.47%,13.16%,52.63%
DCPS,DC Public Schools,ALL,24180,5422,3990,4477,6800,3491,10291,22.42%,16.50%,18.52%,28.12%,14.44%,42.56%,23195,5431,5965,4712,5267,1820,7087,23.41%,25.72%,20.31%,22.71%,7.85%,30.55%,330,127,65,110,28,138,38.48%,19.70%,33.33%,8.48%,41.82%,327,93,67,124,43,167,28.44%,20.49%,37.92%,13.15%,51.07%
DCPS,DC Public Schools,HS,5475,1268,830,960,1534,883,2417,23.16%,15.16%,17.53%,28.02%,16.13%,44.15%,4635,1250,1651,924,727,83,810,26.97%,35.62%,19.94%,15.69%,1.79%,17.48%,30,10,4,14,2,16,33.33%,13.33%,46.67%,6.67%,53.33%,29,5,5,15,4,19,17.24%,17.24%,51.72%,13.79%,65.52%